snapshot_pct,snapshot_step,direction,bin,n_panel_questions_A,n_panel_questions_B,n_exposed_groups_A,n_exposed_groups_B,exposure_fraction,cumulative_abs_advantage_per_panel_question,exploratory_dapo_is_abs_mass_per_panel_question,active_group_fraction,mean_k_over_G,mean_group_total_abs_advantage,mean_completion_length,actual_is_ess_fraction,actual_is_mean_ratio,actual_is_cap_fraction,delta_R,delta_T,delta_C
5,187,symmetric,0,33,37,2,3,0.07084357084357085,0.31859501218766484,545.0314063037224,0.41666666666666663,0.0625,4.576052616039911,1812.8020833333335,0.9980348395537926,1.0000389842160233,0.0,0.0033527846027846028,0.0017915642915642916,-0.012976044226044228
5,187,symmetric,"(0,.25]",89,86,5,4,0.05134570159393781,0.384597005764023,656.8525542411817,0.9,0.0765625,7.550008915737271,1901.2015625,0.9978039483772381,1.0000664593011743,0.0,0.019156650117585577,0.026873203553697413,0.010656192840344917
5,187,symmetric,"(.25,.5]",57,59,3,4,0.06021409455842997,0.8862768184419122,1290.0945514914097,1.0,0.37239583333333337,14.704651420315106,1578.1901041666665,0.9981535975473602,0.9998732258855842,0.0,0.015620353850728515,0.01775758251561106,0.008000669045495094
5,187,symmetric,"(.5,.75]",56,55,3,2,0.04496753246753246,0.6216993480533748,923.5376592812747,1.0,0.7083333333333333,13.759329160054524,1325.7708333333335,0.9977362210971501,1.0001308644935492,0.0,0.025872564935064936,0.03535917207792208,-0.004484577922077922
5,187,symmetric,"(.75,1)",20,19,1,1,0.05131578947368421,0.7695829181294692,1088.1739287697087,1.0,0.625,14.997000455856323,1317.6875,0.9982848635439431,1.0000102389318488,0.0,0.0,0.013980263157894737,-0.01768092105263158
10,374,symmetric,0,33,37,3,5,0.11302211302211303,0.6719285624618905,1056.9535324632404,0.6333333333333333,0.06875,5.9399597376585005,1753.7333333333333,0.9979646976347867,1.0000002042618343,0.0,0.017890049140049137,0.044456388206388205,0.01335995085995086
10,374,symmetric,"(0,.25]",89,86,10,7,0.09687744969950353,0.9765759505475582,1576.5615561509076,0.95,0.15535714285714286,10.139158171308893,1823.479017857143,0.9978758779531779,0.999963745247334,0.0,0.04464985628429579,0.07484240266527306,0.04652795923700026
10,374,symmetric,"(.25,.5]",57,59,8,9,0.1464466250371692,2.086588929340558,3087.594998622545,1.0,0.4578993055555556,14.241450466629532,1519.3324652777778,0.9980561993935139,0.9999991437400155,0.0,0.028889756170086232,0.0628159381504609,-0.0018770443056794536
10,374,symmetric,"(.5,.75]",56,55,5,6,0.09918831168831169,1.3752574586829582,2039.490482576242,1.0,0.678125,13.926017980277539,1325.6697916666667,0.9978949972561468,1.00016270155353,0.0,0.03946834415584416,0.07320413961038962,-0.014549512987012986
10,374,symmetric,"(.75,1)",20,19,2,1,0.07631578947368421,1.071842615894581,1508.4516354298585,1.0,0.671875,14.270347319543362,1233.15625,0.9983052583230247,1.0000244945065764,0.0,-0.004769736842105263,0.017351973684210528,-0.002878289473684211
15,560,symmetric,0,33,37,5,7,0.17035217035217037,0.8868303308835486,1375.5693804059554,0.5857142857142856,0.05625,5.190105749453817,1777.4767857142856,0.9979420032133279,1.000055577066354,0.0,0.020526208026208026,0.09602784602784603,-0.00012796887796887816
15,560,symmetric,"(0,.25]",89,86,14,13,0.15423308074209563,1.5392384734058275,2363.5017986391695,0.9642857142857143,0.15109890109890112,9.990707873724974,1760.9350961538462,0.9978514943444723,0.9999480534748908,0.0,0.06999608048079436,0.1358031748105566,0.03780702900444212
15,560,symmetric,"(.25,.5]",57,59,11,10,0.18123699078203984,2.5703868033708366,3822.94970483459,1.0,0.42471590909090906,14.189788374711167,1554.3517045454546,0.9980456307937232,1.0000471123816852,0.0,0.0859816384180791,0.13611358905738924,0.030729631281593818
15,560,symmetric,"(.5,.75]",56,55,8,9,0.15324675324675324,2.081054859037523,3048.6711053099516,1.0,0.6957465277777778,13.636759181817371,1288.1202256944443,0.9979257883131323,1.0001930208226213,0.0,0.10088271103896104,0.13123985389610388,-0.003825081168831169
15,560,symmetric,"(.75,1)",20,19,4,3,0.17894736842105263,2.351993204319948,3343.870842706281,1.0,0.7135416666666667,13.296030349408586,1206.6510416666665,0.9981500509577641,1.000109969879842,0.0,0.04621710526315789,0.044243421052631585,0.00625
20,747,symmetric,0,33,37,7,10,0.24119574119574122,1.4233515767729936,2235.724809987701,0.6571428571428571,0.06696428571428571,5.95527518125517,1793.703125,0.9979481491158256,1.0000890291055122,0.0,0.051852989352989355,0.1819461506961507,0.01771089271089271
20,747,symmetric,"(0,.25]",89,86,20,19,0.22282466684086752,2.283469004029428,3565.271693242816,0.95,0.1639802631578947,10.254393490031362,1754.6401315789474,0.9979280946809366,0.9998964097622631,0.0,0.10458175463809773,0.2018511562581657,0.0470709759602822
20,747,symmetric,"(.25,.5]",57,59,13,12,0.21573000297353553,3.063035391769592,4455.394682731774,1.0,0.44471153846153844,14.212044208000105,1503.0707131410256,0.9980406066980579,1.000038599680616,0.0,0.12040031222123104,0.18076308355634851,0.03844223907225691
20,747,symmetric,"(.5,.75]",56,55,11,10,0.18912337662337664,2.487257873056481,3434.512926414996,1.0,0.7136363636363636,13.118584056740456,1197.5676136363636,0.997942071926353,1.0001724608403693,0.0,0.15595576298701297,0.19697646103896105,0.023762175324675325
20,747,symmetric,"(.75,1)",20,19,7,7,0.3592105263157894,4.750538078989638,6173.898461975694,1.0,0.7366071428571429,13.20810336406742,1072.15625,0.9981627541255862,1.0000726744901072,0.0,0.08182565789473684,0.10230263157894737,0.009621710526315788
25,934,symmetric,0,33,37,10,14,0.34070434070434075,1.7395641788791476,2679.3995066968528,0.5857142857142856,0.054910714285714285,5.118378044345549,1760.7205357142857,0.9979492699176284,1.0000617949177115,0.0,0.042971949221949225,0.16482391482391484,0.02231777231777232
25,934,symmetric,"(0,.25]",89,86,24,23,0.26855239090671545,2.8191594867946383,4345.576625645503,0.9583333333333333,0.18670742753623187,10.501067079333723,1704.2725317028985,0.9979321423209145,0.999911980119011,0.0,0.14286239221322183,0.24801574340214266,0.09005095374967337
25,934,symmetric,"(.25,.5]",57,59,20,17,0.31950639310139756,4.608205218529404,6383.428398833845,1.0,0.4973345588235294,14.438115995859398,1389.8969669117646,0.9980544766426729,1.0000437068226313,0.0,0.17581028843294677,0.2576754385964912,0.056125483199524234
25,934,symmetric,"(.5,.75]",56,55,14,14,0.25227272727272726,3.2606230909222518,4343.43791263606,1.0,0.7209821428571428,12.930815322590725,1141.5580357142858,0.9979651431367439,1.0001727595611456,0.0,0.17625811688311688,0.23530844155844155,0.019216720779220778
25,934,symmetric,"(.75,1)",20,19,7,7,0.3592105263157894,4.750538078989638,6173.898461975694,1.0,0.7366071428571429,13.20810336406742,1072.15625,0.9981627541255862,1.0000726744901072,0.0,0.1040296052631579,0.13421052631578947,0.012828947368421053
30,1121,symmetric,0,33,37,11,15,0.36936936936936937,1.9544659473008057,3015.1371631931984,0.6181818181818182,0.055492424242424246,5.304404675915386,1762.907196969697,0.9979944035069093,1.0000509212795041,0.0,0.04834664209664209,0.26750614250614246,0.005553849303849303
30,1121,symmetric,"(0,.25]",89,86,28,26,0.30846616148419126,3.3350929968499052,5115.021421119885,0.9642857142857143,0.19290865384615385,10.825491490968307,1703.4550995879122,0.9979577976140335,0.9999057208035127,0.0,0.136566664489156,0.28797850796968905,0.0672483342043376
30,1121,symmetric,"(.25,.5]",57,59,23,19,0.36277133511745463,5.150071545442831,7147.8374275927745,1.0,0.5124427917620137,14.223983282457773,1370.8749284897026,0.9980670032902018,1.00004698938091,0.0,0.17752936366339578,0.27503345227475473,0.058755203687184065
30,1121,symmetric,"(.5,.75]",56,55,16,19,0.3155844155844156,4.058201072147334,5358.12164271499,1.0,0.7217310855263157,12.924725855504605,1117.8425164473683,0.9979792695217804,1.0001727323928575,0.0,0.18243709415584414,0.23136160714285714,0.02258522727272727
30,1121,symmetric,"(.75,1)",20,19,9,8,0.43552631578947365,5.391351435960908,6769.426362753993,1.0,0.7664930555555556,12.40112267776082,1027.2252604166667,0.9981175052794323,1.0001039972385897,0.0,0.1069078947368421,0.11324013157894736,0.018832236842105263
35,1308,symmetric,0,33,37,12,17,0.4115479115479116,2.3494199546119603,3619.4574900965085,0.6568627450980392,0.06066176470588235,5.72228226828955,1746.0286458333335,0.9979885092738896,1.0000662498608273,0.0,0.04507063882063882,0.24421580671580673,0.01957923832923833
35,1308,symmetric,"(0,.25]",89,86,33,31,0.36562581656650117,4.052611670648347,6075.434734478549,0.9696969696969697,0.2118768328445748,11.095207794350031,1663.001588465298,0.9979604007748579,0.9999213453016906,0.0,0.15110971387509797,0.2985612098249281,0.08246913378625556
35,1308,symmetric,"(.25,.5]",57,59,26,21,0.40603627713351176,5.684226883435192,7797.488625696535,1.0,0.5168841575091575,14.006702376427231,1339.0906593406594,0.9980665189467943,1.000054416052202,0.0,0.1844335414808207,0.2733143770443057,0.054973238180196254
35,1308,symmetric,"(.5,.75]",56,55,18,20,0.3425324675324676,4.433805511122594,5798.766359994159,1.0,0.7217013888888889,12.986965981912281,1109.870138888889,0.9979830330601518,1.0001483113827518,0.0,0.1919744318181818,0.2538961038961039,0.02990056818181818
35,1308,symmetric,"(.75,1)",20,19,10,10,0.513157894736842,6.170723903237989,7430.887899191583,1.0,0.778125,12.00712030902505,973.171875,0.9981131119825624,1.0000398828949082,0.0,0.09646381578947369,0.14407894736842106,-0.004523026315789474
40,1494,symmetric,0,33,37,15,22,0.5245700245700246,3.122659350758347,4691.229136367292,0.6742424242424242,0.06392045454545454,5.941117511034915,1725.0689393939394,0.9979637232930763,1.0000752994082407,0.0,0.06562244062244063,0.28025184275184273,0.0238022113022113
40,1494,symmetric,"(0,.25]",89,86,42,37,0.4510713352495427,5.183713788065893,7591.672904865845,0.9761904761904762,0.23284668597168598,11.522102094328503,1618.3407537001285,0.9979552728591568,0.9999011198208838,4.5864616824058744e-07,0.16337862555526522,0.34192905670237783,0.07973363600731644
40,1494,symmetric,"(.25,.5]",57,59,27,25,0.44870651204281886,6.310732143139896,8468.361223345126,1.0,0.5218055555555556,14.068909055678933,1311.3532407407406,0.9980673005687395,1.0000597185733913,9.66108899795185e-07,0.2099223163841808,0.29929564377044304,0.0873847754980672
40,1494,symmetric,"(.5,.75]",56,55,20,21,0.3694805194805195,4.755624435672706,6083.4753260600555,1.0,0.7261160714285715,12.898980967452129,1087.4212797619048,0.9980042349485121,1.0001559940584115,0.0,0.20493100649350648,0.24879261363636362,0.03603896103896104
40,1494,symmetric,"(.75,1)",20,19,12,11,0.5894736842105264,6.358148945554307,7547.032096907213,0.9128787878787878,0.8027935606060606,10.799537634985015,910.999053030303,0.9981275832628007,1.000066684759919,0.0,0.10748355263157894,0.13766447368421053,0.004851973684210526
45,1681,symmetric,0,33,37,15,22,0.5245700245700246,3.122659350758347,4691.229136367292,0.6742424242424242,0.06392045454545454,5.941117511034915,1725.0689393939394,0.9979637232930763,1.0000752994082407,0.0,0.06467547092547093,0.2900798525798526,0.021268427518427516
45,1681,symmetric,"(0,.25]",89,86,49,44,0.5310948523647766,6.087467840511322,8892.88849435145,0.9580241187384044,0.23733186456400743,11.4815453749309,1611.3710865027829,0.9979772913048095,0.9999050044124473,3.9422196746722637e-07,0.17325908021949307,0.3614000849229161,0.09893928011497256
45,1681,symmetric,"(.25,.5]",57,59,32,30,0.5349390425215581,7.575947173278742,9817.027575199147,1.0,0.5324869791666667,14.166375145688653,1259.240625,0.9980720365734412,1.0000470812821762,8.35853431429092e-07,0.20116897115670532,0.29642432352066606,0.07603887897710378
45,1681,symmetric,"(.5,.75]",56,55,24,25,0.44155844155844154,5.6058301127866486,6890.456470809036,1.0,0.7416666666666667,12.715192836771408,1034.0858333333333,0.9980233338365552,1.0001240195238137,0.0,0.21455965909090907,0.2538352272727273,0.051897321428571425
45,1681,symmetric,"(.75,1)",20,19,12,11,0.5894736842105264,6.358148945554307,7547.032096907213,0.9128787878787878,0.8027935606060606,10.799537634985015,910.999053030303,0.9981275832628007,1.000066684759919,0.0,0.1328947368421053,0.15838815789473684,0.020723684210526318
50,1868,symmetric,0,33,37,17,23,0.5683865683865683,3.5551127461223793,5318.502379142563,0.70076726342711,0.07121163682864451,6.271514635923726,1700.7085997442455,0.9979577814893161,1.0000837558535784,0.0,0.06109234234234234,0.2480036855036855,0.03296478296478297
50,1868,symmetric,"(0,.25]",89,86,53,50,0.5884504834073687,6.880106033152346,9804.296643601658,0.9616981132075472,0.24599056603773586,11.698462755432669,1575.3848938679243,0.9979746798942846,0.9998928804064549,3.701907592982664e-07,0.18866360726417558,0.36082032270708125,0.10647210608831983
50,1868,symmetric,"(.25,.5]",57,59,32,31,0.5434136187927445,7.639481085928342,9887.344303727448,1.0,0.5394090221774194,14.057463804500237,1248.1975806451615,0.9980706494700586,1.0000404931328308,8.234844592012859e-07,0.20860280999107939,0.3061626523936961,0.07103033006244425
50,1868,symmetric,"(.5,.75]",56,55,28,27,0.4954545454545455,6.327474603485074,7677.328467971308,1.0,0.7357390873015872,12.766091031421508,1023.7783978174604,0.9980488060152808,1.0001066052853291,0.0,0.2166903409090909,0.26001420454545454,0.046154626623376625
50,1868,symmetric,"(.75,1)",20,19,13,13,0.6671052631578948,6.555438463782009,7664.188163722458,0.8461538461538461,0.8245192307692308,9.812938829454092,870.0673076923076,0.9981215919173491,1.0000735304966466,0.0,0.10583881578947368,0.1408717105263158,-0.003289473684210526
55,2055,symmetric,0,33,37,17,24,0.5819000819000819,3.762780646220716,5576.841350344217,0.7071078431372549,0.08157169117647059,6.464743046966546,1689.8113511029412,0.9979547994208993,1.000083231230158,0.0,0.07386363636363635,0.32263513513513514,0.0411036036036036
55,2055,symmetric,"(0,.25]",89,86,54,50,0.5940684609354586,6.966439879260644,9911.695991179875,0.9622222222222222,0.24918981481481484,11.737500583402536,1571.625023148148,0.9979731639353597,0.9998937110636392,3.6505889860270056e-07,0.16806163443950875,0.35666399921609615,0.08373889469558402
55,2055,symmetric,"(.25,.5]",57,59,35,33,0.5866785608088017,8.294713963451235,10809.910220975573,1.0,0.5362554112554112,14.136781063721035,1257.4775974025974,0.9980630334931526,1.0000051378715846,7.677307414743501e-07,0.20735764198632173,0.2971862920011894,0.07687518584597086
55,2055,symmetric,"(.5,.75]",56,55,31,30,0.549512987012987,6.924715448707923,8304.46540545963,1.0,0.7442204301075269,12.598282552670728,1002.3537634408601,0.9980519683928669,1.000085553673887,0.0,0.19928977272727272,0.2605215097402597,0.03720576298701299
55,2055,symmetric,"(.75,1)",20,19,13,14,0.6934210526315789,6.873606566692654,7933.541428777235,0.8516483516483516,0.8250343406593407,9.87511902756907,862.7512019230769,0.9981284786390613,1.0000852203029926,0.0,0.12171052631578946,0.1615953947368421,0.009539473684210526
60,2242,symmetric,0,33,37,18,25,0.6105651105651105,4.160046637137585,6089.625240104468,0.721111111111111,0.09090277777777778,6.815745059566366,1677.3415972222222,0.9979475402539215,1.000091733330153,0.0,0.060887592137592136,0.2894144144144144,0.013897420147420148
60,2242,symmetric,"(0,.25]",89,86,58,53,0.6339822315129344,7.548644580427865,10671.794712676881,0.9647039687703318,0.2627378822381262,11.91933776564998,1556.529043998048,0.9979703872464589,0.9999072619302548,3.452011176231384e-07,0.16543637313822837,0.3587380781290828,0.08037464071073949
60,2242,symmetric,"(.25,.5]",57,59,39,36,0.6471900089206066,9.102392055696846,11776.806186359358,1.0,0.5432692307692308,14.068598430938064,1243.957331730769,0.998058706205136,0.9999881242755814,7.06648859115417e-07,0.20812890276538804,0.30406259292298543,0.0722754980672019
60,2242,symmetric,"(.5,.75]",56,55,34,35,0.6217532467532467,7.615242576654758,9087.678416906903,1.0,0.760530462184874,12.258693215620367,975.6696428571429,0.9980577928217096,1.0000847298512445,0.0,0.19981737012987014,0.2527090097402597,0.03606939935064935
60,2242,symmetric,"(.75,1)",20,19,13,14,0.6934210526315789,6.873606566692654,7933.541428777235,0.8516483516483516,0.8250343406593407,9.87511902756907,862.7512019230769,0.9981284786390613,1.0000852203029926,0.0,0.12976973684210527,0.15024671052631577,0.02582236842105263
65,2428,symmetric,0,33,37,20,27,0.6678951678951679,4.160046637137585,6089.625240104468,0.6583333333333333,0.08304398148148148,6.222242185100913,1667.350636574074,0.9979596390025691,1.0000719237678695,0.0,0.09377559377559377,0.3164158476658476,0.05331183456183456
65,2428,symmetric,"(0,.25]",89,86,62,55,0.6680820486020382,7.969638162458265,11151.695712459925,0.9667155425219942,0.2694373167155425,11.945856932067802,1542.573487903226,0.9979671328126063,0.9999190014005928,3.282401404867801e-07,0.2022390253462242,0.3683164031878756,0.11464593676509015
65,2428,symmetric,"(.25,.5]",57,59,41,39,0.6901575973832887,9.707860125502926,12413.171711298071,1.0,0.5526110068792995,14.070188513397238,1225.308005003127,0.9980645992445055,0.9999962731553524,6.649970806628159e-07,0.2303839577757954,0.32145777579542073,0.09754125780553077
65,2428,symmetric,"(.5,.75]",56,55,36,39,0.675974025974026,8.224867552051974,9799.668489912514,1.0,0.7658253205128205,12.186511375790097,963.6202590811965,0.9980638805956343,1.0000814587933344,0.0,0.2246550324675325,0.2702211850649351,0.04789975649350649
65,2428,symmetric,"(.75,1)",20,19,14,14,0.7184210526315788,7.232566751147571,8253.087739925006,0.8571428571428571,0.8191964285714286,10.056614459093128,859.109375,0.9981317996450907,1.000084301156066,0.0,0.12023026315789473,0.15361842105263157,0.019243421052631576
70,2615,symmetric,0,33,37,20,29,0.6949221949221949,4.424741091235655,6514.262076825431,0.6698275862068965,0.08432112068965517,6.343030598232972,1671.8293642241379,0.9979617609609834,1.000061262226955,0.0,0.0691031941031941,0.31367731367731366,0.03222256347256347
70,2615,symmetric,"(0,.25]",89,86,67,58,0.7136137967076038,8.586713349067505,11824.842898040595,0.968991250643335,0.2755323597529593,12.055164928597408,1520.4305841482244,0.9979833271609031,0.9999219869358773,3.069607022769731e-07,0.1733938136921871,0.3486983929971257,0.09012444473477921
70,2615,symmetric,"(.25,.5]",57,59,43,43,0.7415997621171573,10.444669200997515,13307.17125300464,1.0,0.5581395348837209,14.085165528883767,1217.734738372093,0.998065711119595,1.000002702142115,6.07434512485209e-07,0.23191718703538505,0.31801962533452277,0.08851843592030925
70,2615,symmetric,"(.5,.75]",56,55,39,41,0.7209415584415584,8.71974855202988,10385.784502925388,0.9878048780487805,0.7666119449656035,12.113359043431737,962.0434060350219,0.9980756770222823,1.000067902703435,0.0,0.21783685064935066,0.2622362012987013,0.04002637987012987
70,2615,symmetric,"(.75,1)",20,19,15,14,0.743421052631579,7.232566751147571,8253.087739925006,0.8285714285714285,0.8245535714285714,9.735296920474086,848.2927083333334,0.9981233849371653,1.000091120543773,0.0,0.1296875,0.146875,0.016036184210526314
75,2802,symmetric,0,33,37,24,31,0.7825552825552826,5.042076590837855,7385.505114436648,0.6512096774193548,0.09324596774193548,6.435449288426948,1670.2186659946237,0.9979632006420998,1.0000562910731339,0.0,0.08458742833742834,0.33156736281736277,0.03570331695331695
75,2802,symmetric,"(0,.25]",89,86,70,62,0.753723543245362,9.048281689662401,12425.496610207621,0.9624423963133641,0.28328052995391706,12.01787442194152,1506.8482142857142,0.9979892854540509,0.9999314399072272,2.971653398234244e-07,0.1750269466945388,0.3740568656911419,0.09929040371047818
75,2802,symmetric,"(.25,.5]",57,59,44,49,0.8012191495688373,11.148920604270678,14206.164195066336,0.9897959183673469,0.5734288033395176,13.91802117972875,1204.5698631725418,0.9980661625222325,1.0000016435034633,5.425300127603059e-07,0.21720747844186739,0.3100003716919417,0.10013380909901873
75,2802,symmetric,"(.5,.75]",56,55,46,42,0.7925324675324675,9.42296680480774,11246.544752855425,0.9663561076604554,0.7720626293995859,11.88005131619595,956.8137616459628,0.998080681133843,1.0000633687037244,0.0,0.21110998376623377,0.2628754058441558,0.05461647727272727
75,2802,symmetric,"(.75,1)",20,19,15,16,0.7960526315789473,7.5021444315973085,8485.180371767101,0.80625,0.833203125,9.40081399353221,831.8239583333334,0.9981248491172926,1.0001078596670347,0.0,0.1379111842105263,0.15682565789473685,0.03536184210526316
80,2989,symmetric,0,33,37,26,32,0.8263718263718264,5.256978359259513,7738.52416725649,0.6514423076923077,0.09036959134615385,6.351162862569954,1678.0062349759614,0.9979582218726717,1.0000373522737547,0.0,0.070254914004914,0.3069205569205569,0.034756347256347256
80,2989,symmetric,"(0,.25]",89,86,76,70,0.833943036320878,10.065655302348821,13677.64079744327,0.9588345864661654,0.28887453007518793,12.075113395388637,1488.1132753759398,0.9980001683631248,0.9999434183296247,2.768018973109249e-07,0.17225470342304677,0.37152550953749675,0.0907532009406846
80,2989,symmetric,"(.25,.5]",57,59,45,49,0.8099910793933988,11.283722574509948,14338.102365556304,0.9897959183673469,0.5718820861678005,13.93319074103689,1202.1567318594105,0.9980700037237487,0.9999952243091255,5.425300127603059e-07,0.2050438596491228,0.31440492120130836,0.06204467737139459
80,2989,symmetric,"(.5,.75]",56,55,49,46,0.8556818181818182,10.033850835861227,12042.124728892457,0.9578527062999113,0.778199866903283,11.71767848648772,958.9092030834073,0.9980920959669484,1.0000819574087592,0.0,0.19989853896103896,0.25844155844155847,0.024807224025974024
80,2989,symmetric,"(.75,1)",20,19,17,17,0.8723684210526316,7.886858992141328,8707.883457667058,0.7941176470588235,0.84375,9.024210591088323,816.1948529411765,0.9981348521199539,1.0001112982432123,0.0,0.10592105263157894,0.1356907894736842,0.008305921052631579
85,3176,symmetric,0,33,37,27,32,0.8415233415233416,5.256978359259513,7738.52416725649,0.6400462962962963,0.08872251157407407,6.237665066581771,1681.8502965856483,0.9979529951302997,1.0000329326512323,0.0,0.06014537264537265,0.2857289107289107,0.023264742014742015
85,3176,symmetric,"(0,.25]",89,86,77,73,0.8570028743140841,10.313278737666558,13987.044671394671,0.9531222202455079,0.2872542697028998,12.035487436053698,1486.545638009251,0.997992677893345,0.9999449023640835,2.7369201218914744e-07,0.16510974653775803,0.3539407499346747,0.0818893715704207
85,3176,symmetric,"(.25,.5]",57,59,46,50,0.8272375854891465,11.473207429073554,14555.239021492313,0.99,0.5727173913043478,13.873364411851634,1201.5629619565218,0.9980719991473721,0.9999924959140816,5.325783502639991e-07,0.21638975617008624,0.3054657300029735,0.0863812072554267
85,3176,symmetric,"(.5,.75]",56,55,51,47,0.88262987012987,10.359519393016377,12374.10218519412,0.9591155611180643,0.7780689403420943,11.726917113942507,957.8856382978723,0.9980972059408341,1.0000792994532688,0.0,0.21007508116883117,0.2538656655844156,0.046245941558441556
85,3176,symmetric,"(.75,1)",20,19,17,17,0.8723684210526316,7.886858992141328,8707.883457667058,0.7941176470588235,0.84375,9.024210591088323,816.1948529411765,0.9981348521199539,1.0001112982432123,0.0,0.11027960526315789,0.12763157894736843,0.017598684210526315
90,3362,symmetric,0,33,37,30,34,0.914004914004914,5.717140610025467,8449.276881044792,0.638235294117647,0.08866421568627451,6.2534905025625935,1694.6153799019608,0.9979460527109243,1.0000293625306966,0.0,0.05679258804258804,0.28183865683865683,0.025184275184275184
90,3362,symmetric,"(0,.25]",89,86,83,80,0.9314084139012281,11.077412188560285,14950.804786171488,0.9446536144578312,0.29038027108433734,11.893286065756152,1478.169794804217,0.998007120592571,0.9999527446567629,2.5578823189965734e-07,0.18815325320094067,0.36710380193362946,0.10670074470864907
90,3362,symmetric,"(.25,.5]",57,59,48,51,0.8532560214094558,11.816581646521602,14973.662343188716,0.9901960784313726,0.5770526960784313,13.850224631984592,1196.440908394608,0.9980772083896672,1.0000072710746162,5.215705951016176e-07,0.22639756170086234,0.3097030181385667,0.09160347903657448
90,3362,symmetric,"(.5,.75]",56,55,51,48,0.8917207792207792,10.46943201038551,12491.745250353564,0.9595588235294118,0.7782628676470589,11.734038474750431,956.4296875,0.9981018501893097,1.0000825684514374,0.0,0.21399147727272727,0.2667816558441558,0.03895089285714286
90,3362,symmetric,"(.75,1)",20,19,18,18,0.9236842105263158,8.575178627532564,9264.170387440721,0.8055555555555556,0.8385416666666666,9.268054907106691,811.4548611111111,0.9981401832505765,1.0001132481925334,0.0,0.12779605263157895,0.15016447368421054,0.015789473684210527
95,3549,symmetric,0,33,37,32,36,0.9713349713349714,5.900328305640687,8648.046173811017,0.6163194444444444,0.08637152777777778,6.074276223804595,1662.367404513889,0.9979522163207836,1.0000321072601384,0.0,0.08502252252252251,0.28677825552825553,0.047092547092547093
95,3549,symmetric,"(0,.25]",89,86,87,85,0.9829500914554481,11.733071202952985,15861.901371668519,0.9418526031102096,0.295157200811359,11.935687347896966,1472.573601250845,0.9980141596894682,0.9999461231022903,2.454316578368537e-07,0.1953594525738176,0.38227969035798276,0.10208714397700548
95,3549,symmetric,"(.25,.5]",57,59,53,56,0.939488551888195,13.038262149557767,16473.081670429616,0.9910714285714286,0.5779775943396226,13.879035839901338,1193.761402880728,0.9980947667093427,1.000004700347874,4.762780206266485e-07,0.22378642581028843,0.31542707404103476,0.07969075230449005
95,3549,symmetric,"(.5,.75]",56,55,53,50,0.9277597402597402,10.881051326165725,13006.033681241213,0.9611320754716981,0.7796462264150943,11.721316387501528,955.8188561320756,0.9981063664791052,1.000071450535359,0.0,0.22351866883116883,0.2656960227272727,0.05014204545454545
95,3549,symmetric,"(.75,1)",20,19,19,18,0.9486842105263158,8.831277423959813,9606.125631273648,0.8114035087719298,0.8389985380116959,9.309761569731766,811.5890899122807,0.9981403527511057,1.0000972534326724,0.0,0.14136513157894737,0.1730263157894737,0.021052631578947368
100,3736,symmetric,0,33,37,33,37,1.0,6.219190766267558,9001.813369821966,0.6273546273546273,0.08947583947583948,6.219190766267558,1650.1880374692873,0.9979598190808432,1.000034290116742,0.0,0.08133701883701883,0.33696764946764945,0.052160114660114665
100,3736,symmetric,"(0,.25]",89,86,89,86,1.0,11.94500214876259,16124.450612323126,0.9428403449176901,0.29549908544551867,11.94500214876259,1469.3975045727725,0.9980177505633715,0.9999454919669679,2.4056746979314563e-07,0.185707636529919,0.37894809903318527,0.09993140841390123
100,3736,symmetric,"(.25,.5]",57,59,57,59,1.0,13.792311536018033,17317.87830904834,0.9915254237288136,0.5895034195658638,13.792311536018033,1180.436728739221,0.9981058952211985,1.0000003853685768,4.531567351326073e-07,0.2157114183764496,0.31107827832292595,0.0867807760927743
100,3736,symmetric,"(.5,.75]",56,55,56,55,1.0,11.65904019601498,13842.703700424076,0.9639610389610389,0.7839285714285715,11.65904019601498,948.8851156655844,0.9981056199285205,1.000069273750944,0.0,0.22241274350649348,0.2696428571428572,0.04962459415584415
100,3736,symmetric,"(.75,1)",20,19,20,19,1.0,9.403114802174663,10349.39021280228,0.8210526315789474,0.8393092105263158,9.403114802174663,810.3209703947368,0.9981416329483055,1.0001100400424427,0.0,0.12508223684210526,0.1504111842105263,0.017598684210526315
