checkpoint,qid,sft_correct,rl_correct,n_rollouts,sft_rate,rl_rate,gain,bin
step 100,0,7,6,8,0.875,0.75,-0.125,6-8/8
step 100,1,8,8,8,1.0,1.0,0.0,6-8/8
step 100,2,5,7,8,0.625,0.875,0.25,3-5/8
step 100,3,3,6,8,0.375,0.75,0.375,3-5/8
step 100,4,0,1,8,0.0,0.125,0.125,0/8
step 100,5,4,8,8,0.5,1.0,0.5,3-5/8
step 100,6,7,6,8,0.875,0.75,-0.125,6-8/8
step 100,7,6,8,8,0.75,1.0,0.25,6-8/8
step 100,8,3,5,8,0.375,0.625,0.25,3-5/8
step 100,9,8,8,8,1.0,1.0,0.0,6-8/8
step 100,10,6,6,8,0.75,0.75,0.0,6-8/8
step 100,11,5,6,8,0.625,0.75,0.125,3-5/8
step 100,12,1,0,8,0.125,0.0,-0.125,1-2/8
step 100,13,3,4,8,0.375,0.5,0.125,3-5/8
step 100,14,3,7,8,0.375,0.875,0.5,3-5/8
step 100,15,8,8,8,1.0,1.0,0.0,6-8/8
step 100,16,2,2,8,0.25,0.25,0.0,1-2/8
step 100,17,6,7,8,0.75,0.875,0.125,6-8/8
step 100,18,8,7,8,1.0,0.875,-0.125,6-8/8
step 100,19,8,8,8,1.0,1.0,0.0,6-8/8
step 100,20,3,4,8,0.375,0.5,0.125,3-5/8
step 100,21,7,6,8,0.875,0.75,-0.125,6-8/8
step 100,22,2,2,8,0.25,0.25,0.0,1-2/8
step 100,23,3,0,8,0.375,0.0,-0.375,3-5/8
step 100,24,2,8,8,0.25,1.0,0.75,1-2/8
step 100,25,5,6,8,0.625,0.75,0.125,3-5/8
step 100,26,0,0,8,0.0,0.0,0.0,0/8
step 100,27,3,2,8,0.375,0.25,-0.125,3-5/8
step 100,28,6,7,8,0.75,0.875,0.125,6-8/8
step 100,29,1,3,8,0.125,0.375,0.25,1-2/8
step 300,0,7,5,8,0.875,0.625,-0.25,6-8/8
step 300,1,8,6,8,1.0,0.75,-0.25,6-8/8
step 300,2,5,7,8,0.625,0.875,0.25,3-5/8
step 300,3,3,7,8,0.375,0.875,0.5,3-5/8
step 300,4,0,2,8,0.0,0.25,0.25,0/8
step 300,5,4,7,8,0.5,0.875,0.375,3-5/8
step 300,6,7,7,8,0.875,0.875,0.0,6-8/8
step 300,7,6,7,8,0.75,0.875,0.125,6-8/8
step 300,8,3,2,8,0.375,0.25,-0.125,3-5/8
step 300,9,8,8,8,1.0,1.0,0.0,6-8/8
step 300,10,6,2,8,0.75,0.25,-0.5,6-8/8
step 300,11,5,6,8,0.625,0.75,0.125,3-5/8
step 300,12,1,1,8,0.125,0.125,0.0,1-2/8
step 300,13,3,1,8,0.375,0.125,-0.25,3-5/8
step 300,14,3,8,8,0.375,1.0,0.625,3-5/8
step 300,15,8,8,8,1.0,1.0,0.0,6-8/8
step 300,16,2,4,8,0.25,0.5,0.25,1-2/8
step 300,17,6,4,8,0.75,0.5,-0.25,6-8/8
step 300,18,8,7,8,1.0,0.875,-0.125,6-8/8
step 300,19,8,8,8,1.0,1.0,0.0,6-8/8
step 300,20,3,7,8,0.375,0.875,0.5,3-5/8
step 300,21,7,5,8,0.875,0.625,-0.25,6-8/8
step 300,22,2,0,8,0.25,0.0,-0.25,1-2/8
step 300,23,3,4,8,0.375,0.5,0.125,3-5/8
step 300,24,2,6,8,0.25,0.75,0.5,1-2/8
step 300,25,5,7,8,0.625,0.875,0.25,3-5/8
step 300,26,0,0,8,0.0,0.0,0.0,0/8
step 300,27,3,2,8,0.375,0.25,-0.125,3-5/8
step 300,28,6,7,8,0.75,0.875,0.125,6-8/8
step 300,29,1,4,8,0.125,0.5,0.375,1-2/8
step 500,0,7,5,8,0.875,0.625,-0.25,6-8/8
step 500,1,8,7,8,1.0,0.875,-0.125,6-8/8
step 500,2,5,8,8,0.625,1.0,0.375,3-5/8
step 500,3,3,7,8,0.375,0.875,0.5,3-5/8
step 500,4,0,1,8,0.0,0.125,0.125,0/8
step 500,5,4,8,8,0.5,1.0,0.5,3-5/8
step 500,6,7,8,8,0.875,1.0,0.125,6-8/8
step 500,7,6,8,8,0.75,1.0,0.25,6-8/8
step 500,8,3,6,8,0.375,0.75,0.375,3-5/8
step 500,9,8,8,8,1.0,1.0,0.0,6-8/8
step 500,10,6,3,8,0.75,0.375,-0.375,6-8/8
step 500,11,5,5,8,0.625,0.625,0.0,3-5/8
step 500,12,1,0,8,0.125,0.0,-0.125,1-2/8
step 500,13,3,3,8,0.375,0.375,0.0,3-5/8
step 500,14,3,7,8,0.375,0.875,0.5,3-5/8
step 500,15,8,8,8,1.0,1.0,0.0,6-8/8
step 500,16,2,2,8,0.25,0.25,0.0,1-2/8
step 500,17,6,8,8,0.75,1.0,0.25,6-8/8
step 500,18,8,7,8,1.0,0.875,-0.125,6-8/8
step 500,19,8,8,8,1.0,1.0,0.0,6-8/8
step 500,20,3,3,8,0.375,0.375,0.0,3-5/8
step 500,21,7,8,8,0.875,1.0,0.125,6-8/8
step 500,22,2,1,8,0.25,0.125,-0.125,1-2/8
step 500,23,3,4,8,0.375,0.5,0.125,3-5/8
step 500,24,2,6,8,0.25,0.75,0.5,1-2/8
step 500,25,5,6,8,0.625,0.75,0.125,3-5/8
step 500,26,0,0,8,0.0,0.0,0.0,0/8
step 500,27,3,4,8,0.375,0.5,0.125,3-5/8
step 500,28,6,8,8,0.75,1.0,0.25,6-8/8
step 500,29,1,2,8,0.125,0.25,0.125,1-2/8
step 1000,0,7,8,8,0.875,1.0,0.125,6-8/8
step 1000,1,8,7,8,1.0,0.875,-0.125,6-8/8
step 1000,2,5,4,8,0.625,0.5,-0.125,3-5/8
step 1000,3,3,7,8,0.375,0.875,0.5,3-5/8
step 1000,4,0,5,8,0.0,0.625,0.625,0/8
step 1000,5,4,8,8,0.5,1.0,0.5,3-5/8
step 1000,6,7,8,8,0.875,1.0,0.125,6-8/8
step 1000,7,6,8,8,0.75,1.0,0.25,6-8/8
step 1000,8,3,8,8,0.375,1.0,0.625,3-5/8
step 1000,9,8,8,8,1.0,1.0,0.0,6-8/8
step 1000,10,6,7,8,0.75,0.875,0.125,6-8/8
step 1000,11,5,5,8,0.625,0.625,0.0,3-5/8
step 1000,12,1,0,8,0.125,0.0,-0.125,1-2/8
step 1000,13,3,3,8,0.375,0.375,0.0,3-5/8
step 1000,14,3,8,8,0.375,1.0,0.625,3-5/8
step 1000,15,8,7,8,1.0,0.875,-0.125,6-8/8
step 1000,16,2,2,8,0.25,0.25,0.0,1-2/8
step 1000,17,6,7,8,0.75,0.875,0.125,6-8/8
step 1000,18,8,8,8,1.0,1.0,0.0,6-8/8
step 1000,19,8,8,8,1.0,1.0,0.0,6-8/8
step 1000,20,3,7,8,0.375,0.875,0.5,3-5/8
step 1000,21,7,8,8,0.875,1.0,0.125,6-8/8
step 1000,22,2,1,8,0.25,0.125,-0.125,1-2/8
step 1000,23,3,2,8,0.375,0.25,-0.125,3-5/8
step 1000,24,2,7,8,0.25,0.875,0.625,1-2/8
step 1000,25,5,6,8,0.625,0.75,0.125,3-5/8
step 1000,26,0,0,8,0.0,0.0,0.0,0/8
step 1000,27,3,4,8,0.375,0.5,0.125,3-5/8
step 1000,28,6,8,8,0.75,1.0,0.25,6-8/8
step 1000,29,1,4,8,0.125,0.5,0.375,1-2/8
final,0,7,6,8,0.875,0.75,-0.125,6-8/8
final,1,8,8,8,1.0,1.0,0.0,6-8/8
final,2,5,7,8,0.625,0.875,0.25,3-5/8
final,3,3,6,8,0.375,0.75,0.375,3-5/8
final,4,0,4,8,0.0,0.5,0.5,0/8
final,5,4,8,8,0.5,1.0,0.5,3-5/8
final,6,7,7,8,0.875,0.875,0.0,6-8/8
final,7,6,8,8,0.75,1.0,0.25,6-8/8
final,8,3,6,8,0.375,0.75,0.375,3-5/8
final,9,8,8,8,1.0,1.0,0.0,6-8/8
final,10,6,5,8,0.75,0.625,-0.125,6-8/8
final,11,5,5,8,0.625,0.625,0.0,3-5/8
final,12,1,1,8,0.125,0.125,0.0,1-2/8
final,13,3,2,8,0.375,0.25,-0.125,3-5/8
final,14,3,7,8,0.375,0.875,0.5,3-5/8
final,15,8,8,8,1.0,1.0,0.0,6-8/8
final,16,2,7,8,0.25,0.875,0.625,1-2/8
final,17,6,8,8,0.75,1.0,0.25,6-8/8
final,18,8,8,8,1.0,1.0,0.0,6-8/8
final,19,8,8,8,1.0,1.0,0.0,6-8/8
final,20,3,6,8,0.375,0.75,0.375,3-5/8
final,21,7,8,8,0.875,1.0,0.125,6-8/8
final,22,2,1,8,0.25,0.125,-0.125,1-2/8
final,23,3,3,8,0.375,0.375,0.0,3-5/8
final,24,2,5,8,0.25,0.625,0.375,1-2/8
final,25,5,8,8,0.625,1.0,0.375,3-5/8
final,26,0,0,8,0.0,0.0,0.0,0/8
final,27,3,5,8,0.375,0.625,0.25,3-5/8
final,28,6,8,8,0.75,1.0,0.25,6-8/8
final,29,1,4,8,0.125,0.5,0.375,1-2/8
