snapshot_pct,snapshot_step,direction,bin,n_panel_questions,n_exposed_groups,n_unique_exposed_questions,exposure_fraction,active_group_fraction,mean_k_over_G,mean_group_total_abs_advantage,mean_completion_length,cumulative_abs_advantage_per_panel_question,actual_is_ess_fraction,actual_is_mean_ratio,actual_is_cap_fraction,exploratory_dapo_is_abs_mass_per_panel_question
5,187,A-bin,0,33,2,2,0.06060606060606061,0.0,0.0,0.0,1783.46875,0.0,0.9980808293006742,0.9999888340184772,0.0,0.0
5,187,A-bin,"(0,.25]",89,5,5,0.056179775280898875,1.0,0.0875,29.200000095367432,1862.3875,1.6404494435599681,0.9978315962329667,1.0000844207388462,0.0,2351.766113197777
5,187,A-bin,"(.25,.5]",57,3,3,0.05263157894736842,1.0,0.4375,18.00000007947286,1583.6041666666667,0.9473684252354136,0.9980941682925203,0.9998733362864023,0.0,1452.940449065908
5,187,A-bin,"(.5,.75]",56,3,3,0.05357142857142857,1.0,0.5416666666666666,14.666666676600775,1402.3958333333333,0.78571428624647,0.9978214862196131,0.9998992133404431,0.0,1153.087317804501
5,187,A-bin,"(.75,1)",20,1,1,0.05,1.0,0.6875,10.000000149011612,1334.0625,0.5000000074505806,0.9981395258732847,1.0001016184244313,0.0,730.0833116877862
5,187,A-bin,1,1,0,0,0.0,,,,,0.0,,,,0.0
5,187,B-bin,0,37,3,3,0.08108108108108109,0.6666666666666666,0.08333333333333333,18.666666825612385,1779.5416666666667,1.5135135264010042,0.9979696876519183,1.0001622441368523,0.0,2250.969811055886
5,187,B-bin,"(0,.25]",86,4,4,0.046511627906976744,0.75,0.046875,22.5,1885.0625,1.0465116279069768,0.997851686384512,0.9999841028719895,0.0,1465.3639658783065
5,187,B-bin,"(.25,.5]",59,4,4,0.06779661016949153,1.0,0.421875,18.5,1580.578125,1.2542372881355932,0.9980425526324347,0.9998649868494403,0.0,1900.6685960966915
5,187,B-bin,"(.5,.75]",55,2,2,0.03636363636363636,1.0,0.625,12.00000013411045,1317.84375,0.43636364124038,0.9977827158724125,0.999934670328458,0.0,640.9281495291643
5,187,B-bin,"(.75,1)",19,1,1,0.05263157894736842,1.0,0.6875,10.000000149011612,1334.0625,0.5263157973164007,0.9981395258732847,1.0001016184244313,0.0,768.5087491450381
10,374,A-bin,0,33,3,3,0.09090909090909091,0.0,0.0,0.0,1790.0416666666667,0.0,0.9979406758340486,1.0000411915354148,0.0,0.0
10,374,A-bin,"(0,.25]",89,10,10,0.11235955056179775,1.0,0.175,26.400000071525575,1812.93125,2.966292142868042,0.9978849388965468,1.0000222843621314,0.0,4465.882575508104
10,374,A-bin,"(.25,.5]",57,8,8,0.14035087719298245,1.0,0.5078125,15.750000080093741,1502.421875,2.2105263270307005,0.9980222247502155,0.9998682449408053,0.0,3388.3394837495125
10,374,A-bin,"(.5,.75]",56,5,5,0.08928571428571429,1.0,0.5125,15.599999982118607,1425.75,1.39285714126059,0.9979199233590912,0.999840281904005,0.0,2018.8678659938676
10,374,A-bin,"(.75,1)",20,2,2,0.1,1.0,0.75,8.000000081956387,1087.8125,0.8000000081956387,0.998224868406551,0.9999683181433389,0.0,1011.6433370459683
10,374,A-bin,1,1,0,0,0.0,,,,,0.0,,,,0.0
10,374,B-bin,0,37,5,5,0.13513513513513514,0.6,0.0875,16.400000190734865,1759.5875,2.216216241991198,0.997893855766875,1.0001660538911084,0.0,3204.968334798143
10,374,B-bin,"(0,.25]",86,7,7,0.08139534883720931,0.8571428571428571,0.15178571428571427,22.571428537368774,1828.607142857143,1.8372092995532723,0.9978958848594323,1.000008143412853,0.0,2726.654662673376
10,374,B-bin,"(.25,.5]",59,9,9,0.15254237288135594,1.0,0.4027777777777778,19.111111124356587,1611.9305555555557,2.915254239308632,0.9980137576757893,0.9997685461294513,0.0,4521.089700348939
10,374,B-bin,"(.5,.75]",55,6,6,0.10909090909090909,1.0,0.6770833333333334,10.33333340783914,1230.59375,1.1272727354006333,0.9979543039101405,0.9999310800806744,0.0,1626.659619976995
10,374,B-bin,"(.75,1)",19,1,1,0.05263157894736842,1.0,0.6875,10.000000149011612,1334.0625,0.5263157973164007,0.9981395258732847,1.0001016184244313,0.0,768.5087491450381
15,560,A-bin,0,33,5,5,0.15151515151515152,0.2,0.0125,6.0,1791.6,0.9090909090909091,0.9979469454890467,0.9999569106057327,0.0,1217.4697408116226
15,560,A-bin,"(0,.25]",89,14,14,0.15730337078651685,0.9285714285714286,0.19642857142857142,23.428571471146174,1768.9151785714287,3.6853932651241172,0.9978466253301252,1.0000447528665029,0.0,5582.562256528198
15,560,A-bin,"(.25,.5]",57,11,11,0.19298245614035087,1.0,0.4602272727272727,17.272727396000516,1562.3068181818182,3.3333333571229065,0.9980497054619698,0.9998910475631776,0.0,5141.141384980384
15,560,A-bin,"(.5,.75]",56,8,8,0.14285714285714285,1.0,0.609375,12.500000011175871,1349.484375,1.7857142873108387,0.997916812780403,0.9999000100965834,0.0,2593.263652725305
15,560,A-bin,"(.75,1)",20,4,4,0.2,1.0,0.765625,7.500000100582838,1096.375,1.5000000201165675,0.9981003845991581,0.9999047515933169,0.0,2029.233271109614
15,560,A-bin,1,1,0,0,0.0,,,,,0.0,,,,0.0
15,560,B-bin,0,37,7,7,0.1891891891891892,0.42857142857142855,0.0625,11.714285850524902,1788.5,2.216216241991198,0.9978518846712672,1.0001034464700054,0.0,3204.968334798143
15,560,B-bin,"(0,.25]",86,13,13,0.1511627906976744,0.9230769230769231,0.21634615384615385,22.61538462455456,1747.4278846153845,3.4186046525489453,0.9979073331559319,1.0000097859565524,0.0,5108.734401164131
15,560,B-bin,"(.25,.5]",59,10,10,0.1694915254237288,1.0,0.39375,19.400000035762787,1625.8875,3.288135599281828,0.9980375290058203,0.9997846285601785,0.0,5107.731122679899
15,560,B-bin,"(.5,.75]",55,9,9,0.16363636363636364,1.0,0.7013888888888888,9.555555648273891,1224.0902777777778,1.563636378808455,0.9979697335061185,0.9999440562961837,0.0,2275.5836301106615
15,560,B-bin,"(.75,1)",19,3,3,0.15789473684210525,1.0,0.7708333333333334,7.333333392937978,1192.6041666666667,1.1578947462533649,0.9979457703219226,0.9999869584901873,0.0,1654.1478112967084
20,747,A-bin,0,33,7,7,0.21212121212121213,0.42857142857142855,0.08035714285714286,11.142857125827245,1824.8214285714287,2.363636360023961,0.9979347038930831,0.9999436469625582,0.0,4002.5192858483156
20,747,A-bin,"(0,.25]",89,20,20,0.2247191011235955,0.85,0.184375,21.30000007748604,1762.046875,4.786516871345177,0.9979110244884001,1.0000784445079944,0.0,7208.722929080399
20,747,A-bin,"(.25,.5]",57,13,13,0.22807017543859648,1.0,0.46634615384615385,17.07692319040115,1533.8509615384614,3.8947368679862273,0.998055181916675,0.9999294484286692,0.0,5980.030461259569
20,747,A-bin,"(.5,.75]",56,11,11,0.19642857142857142,1.0,0.625,12.000000037930228,1270.4943181818182,2.357142864593438,0.9979362118664664,0.9999352375981019,0.0,3304.4289041157067
20,747,A-bin,"(.75,1)",20,7,7,0.35,0.8571428571428571,0.8303571428571429,5.4285715115921835,984.8571428571429,1.9000000290572643,0.9980701961671012,1.000169958357305,0.0,2569.0830486167924
20,747,A-bin,1,1,0,0,0.0,,,,,0.0,,,,0.0
20,747,B-bin,0,37,10,10,0.2702702702702703,0.4,0.05,11.200000095367432,1838.98125,3.0270270528020085,0.9979113825506031,1.0000768733758643,0.0,4819.9592088550235
20,747,B-bin,"(0,.25]",86,19,19,0.22093023255813954,0.9473684210526315,0.23355263157894737,22.84210531335128,1729.2105263157894,5.046511638996213,0.9979475760333298,1.0000426256156671,0.0,7609.522429709928
20,747,B-bin,"(.25,.5]",59,12,12,0.2033898305084746,1.0,0.421875,18.500000049670536,1558.5052083333333,3.762711874509262,0.9980286226855919,0.9998155907078062,0.0,5709.990279565805
20,747,B-bin,"(.5,.75]",55,10,10,0.18181818181818182,1.0,0.71875,9.0000000923872,1175.31875,1.636363653161309,0.9979785468790765,0.9999579017260238,0.0,2353.6193359578265
20,747,B-bin,"(.75,1)",19,7,7,0.3684210526315789,0.8571428571428571,0.8303571428571429,5.428571496691022,1017.7321428571429,2.0000000250966927,0.997970945341039,1.0002854943041186,0.0,2729.2096505793797
25,934,A-bin,0,33,10,10,0.30303030303030304,0.5,0.075,13.599999988079071,1778.4,4.121212117599718,0.9979505657416183,0.9998747917329762,0.0,6878.2795771555775
25,934,A-bin,"(0,.25]",89,24,24,0.2696629213483146,0.8333333333333334,0.1796875,20.916666726271313,1723.2578125,5.64044945427541,0.9979291749248771,1.000062357462372,0.0,8468.582887173205
25,934,A-bin,"(.25,.5]",57,20,20,0.3508771929824561,1.0,0.509375,15.70000005811453,1413.56875,5.508771950215624,0.9980734858323069,0.9999379976644965,0.0,8069.38538567396
25,934,A-bin,"(.5,.75]",56,14,14,0.25,1.0,0.6696428571428571,10.571428625711373,1194.580357142857,2.6428571564278434,0.9979756504092457,0.9999969251019014,0.0,3613.936835127358
25,934,A-bin,"(.75,1)",20,7,7,0.35,0.8571428571428571,0.8303571428571429,5.4285715115921835,984.8571428571429,1.9000000290572643,0.9980701961671012,1.000169958357305,0.0,2569.0830486167924
25,934,A-bin,1,1,0,0,0.0,,,,,0.0,,,,0.0
25,934,B-bin,0,37,14,14,0.3783783783783784,0.5,0.05803571428571429,14.142857210976738,1808.6875,5.351351377126333,0.9979180036237859,1.000003988044849,0.0,8684.793545709339
25,934,B-bin,"(0,.25]",86,23,23,0.26744186046511625,0.9130434782608695,0.22826086956521738,21.91304349899292,1671.320652173913,5.860465121823688,0.9979849970822073,1.000047761966432,0.0,8698.122868257484
25,934,B-bin,"(.25,.5]",59,17,17,0.288135593220339,1.0,0.46691176470588236,17.05882357323871,1449.4080882352941,4.915254249916238,0.9980453453189118,0.999811237541649,0.0,7147.134480277642
25,934,B-bin,"(.5,.75]",55,14,14,0.2545454545454545,1.0,0.7589285714285714,7.714285797306469,1107.544642857143,1.9636363847689196,0.9980057763805402,1.000025790050224,0.0,2754.406330339175
25,934,B-bin,"(.75,1)",19,7,7,0.3684210526315789,0.8571428571428571,0.8303571428571429,5.428571496691022,1017.7321428571429,2.0000000250966927,0.997970945341039,1.0002854943041186,0.0,2729.2096505793797
30,1121,A-bin,0,33,11,11,0.3333333333333333,0.5454545454545454,0.09090909090909091,14.545454534617337,1756.346590909091,4.848484844872446,0.9979966503877717,0.9998908826731248,0.0,7844.298150992424
30,1121,A-bin,"(0,.25]",89,28,28,0.3146067415730337,0.8571428571428571,0.203125,20.928571492433548,1712.4910714285713,6.584269683012802,0.997965943363976,1.0000716668190428,0.0,9929.204794208577
30,1121,A-bin,"(.25,.5]",57,23,23,0.40350877192982454,1.0,0.5380434782608695,14.782608760439832,1376.945652173913,5.964912306844142,0.998078342608246,0.9999360289514615,0.0,8674.8010239919
30,1121,A-bin,"(.5,.75]",56,16,16,0.2857142857142857,1.0,0.6875,10.000000049360096,1158.58984375,2.857142871245742,0.9979852582729803,0.9999587929224011,0.0,3852.733426587442
30,1121,A-bin,"(.75,1)",20,9,9,0.45,0.8888888888888888,0.8125,6.000000091062652,1014.2013888888889,2.7000000409781935,0.9980426853532492,1.0001388050696136,0.0,3709.7206265780087
30,1121,A-bin,1,1,0,0,0.0,,,,,0.0,,,,0.0
30,1121,B-bin,0,37,15,15,0.40540540540540543,0.5333333333333333,0.07083333333333333,14.800000063578288,1790.4958333333334,6.000000025774981,0.9979530083146373,1.0000081750651444,0.0,9546.377679131392
30,1121,B-bin,"(0,.25]",86,26,26,0.3023255813953488,0.9230769230769231,0.23317307692307693,22.076923104432915,1673.6177884615386,6.67441861296809,0.9979971457617642,1.0000520020094956,0.0,9955.709921386471
30,1121,B-bin,"(.25,.5]",59,19,19,0.3220338983050847,1.0,0.4901315789473684,16.315789519956237,1424.7006578947369,5.254237303036755,0.9980751098692465,0.9998411372855098,0.0,7627.359473719692
30,1121,B-bin,"(.5,.75]",55,19,19,0.34545454545454546,1.0,0.756578947368421,7.789473769696135,1098.6644736842106,2.690909120440483,0.9980302667226337,0.9999929929931812,0.0,3709.9759405926684
30,1121,B-bin,"(.75,1)",19,8,8,0.42105263157894735,0.875,0.8203125,5.750000074505806,1036.140625,2.4210526629498133,0.9979543745563701,1.0002134892139405,0.0,3342.2260740080083
35,1308,A-bin,0,33,12,12,0.36363636363636365,0.5833333333333334,0.08854166666666667,15.833333323399225,1753.0833333333333,5.757575753963355,0.9980020304922224,0.9999062620723503,0.0,8959.518094942998
35,1308,A-bin,"(0,.25]",89,33,33,0.3707865168539326,0.8787878787878788,0.2178030303030303,21.151515212925997,1661.8863636363637,7.842696651983797,0.9979609206504509,1.0000701289427514,0.0,11550.096409180356
35,1308,A-bin,"(.25,.5]",57,26,26,0.45614035087719296,1.0,0.5216346153846154,15.307692383344357,1360.5504807692307,6.98245617485883,0.9980851320887328,0.9999235540796351,0.0,9921.871976693168
35,1308,A-bin,"(.5,.75]",56,18,18,0.32142857142857145,1.0,0.7048611111111112,9.444444494114983,1125.392361111111,3.0357143016798154,0.9980001410954793,1.0000066756775499,0.0,4025.4140181051084
35,1308,A-bin,"(.75,1)",20,10,10,0.5,0.8,0.83125,5.400000081956387,956.19375,2.7000000409781935,0.9980497524269332,1.0001164205288229,0.0,3709.7206265780087
35,1308,A-bin,1,1,0,0,0.0,,,,,0.0,,,,0.0
35,1308,B-bin,0,37,17,17,0.4594594594594595,0.5882352941176471,0.06985294117647059,16.588235350216138,1776.0110294117646,7.621621647396603,0.9979538643115771,0.999995370035937,0.0,11643.349197876685
35,1308,B-bin,"(0,.25]",86,31,31,0.36046511627906974,0.9354838709677419,0.25201612903225806,21.87096777654463,1630.4939516129032,7.883720942707949,0.9980051494198288,1.0000669607373713,0.0,11587.904384188558
35,1308,B-bin,"(.25,.5]",59,21,21,0.3559322033898305,1.0,0.4851190476190476,16.476190535085543,1381.7886904761904,5.864406800623668,0.9980657223197755,0.9998209643756566,0.0,8206.816866809086
35,1308,B-bin,"(.5,.75]",55,20,20,0.36363636363636365,1.0,0.759375,7.700000081956387,1085.925,2.800000029802322,0.9980325248921228,1.0000204920446611,0.0,3815.1430488496158
35,1308,B-bin,"(.75,1)",19,10,10,0.5263157894736842,0.8,0.84375,5.000000068545342,959.9,2.6315789834449164,0.9979905564468847,1.0002003996335618,0.0,3546.748293526811
40,1494,A-bin,0,33,15,15,0.45454545454545453,0.5333333333333333,0.07916666666666666,14.533333325386048,1754.5916666666667,6.606060602448204,0.9979865767818975,0.9999102344747383,0.0,10077.322946975299
40,1494,A-bin,"(0,.25]",89,42,42,0.47191011235955055,0.9047619047619048,0.23214285714285715,21.52380958341417,1611.7589285714287,10.157303398914552,0.9979537644246715,1.0000534947529922,0.0,14604.423717928346
40,1494,A-bin,"(.25,.5]",57,27,27,0.47368421052631576,1.0,0.5185185185185185,15.40740747584237,1366.4189814814815,7.298245646451649,0.9980887854612519,0.999936822647659,0.0,10386.783307784957
40,1494,A-bin,"(.5,.75]",56,20,20,0.35714285714285715,1.0,0.7125,9.200000056624413,1101.453125,3.28571430593729,0.9980123687385671,1.0000066200946809,0.0,4282.869726215594
40,1494,A-bin,"(.75,1)",20,12,12,0.6,0.8333333333333334,0.8385416666666666,5.166666740551591,911.1354166666666,3.1000000443309546,0.9980913757661822,1.0000637979038358,0.0,4124.767614354062
40,1494,A-bin,1,1,0,0,0.0,,,,,0.0,,,,0.0
40,1494,B-bin,0,37,22,22,0.5945945945945946,0.5909090909090909,0.07954545454545454,16.36363639614799,1729.2642045454545,9.729729749060965,0.9979507238354774,0.9999791477163891,0.0,14217.252423573012
40,1494,B-bin,"(0,.25]",86,37,37,0.43023255813953487,0.9459459459459459,0.2533783783783784,22.16216220726838,1616.8969594594594,9.534883740336396,0.9979954126692567,1.0000654207291757,0.0,13931.964222075307
40,1494,B-bin,"(.25,.5]",59,25,25,0.423728813559322,1.0,0.51,15.680000059008599,1332.4225,6.644067821613813,0.998062282020262,0.9998408240150414,0.0,9102.013319572332
40,1494,B-bin,"(.5,.75]",55,21,21,0.38181818181818183,1.0,0.7678571428571429,7.428571509108657,1071.3065476190477,2.8363636671142145,0.9980553297887315,1.0000041729224076,0.0,3865.0257269548483
40,1494,B-bin,"(.75,1)",19,11,11,0.5789473684210527,0.8181818181818182,0.8409090909090909,5.090909154577688,926.5227272727273,2.9473684579133987,0.997989633714401,1.000182417055901,0.0,3839.242633512772
45,1681,A-bin,0,33,15,15,0.45454545454545453,0.5333333333333333,0.07916666666666666,14.533333325386048,1754.5916666666667,6.606060602448204,0.9979865767818975,0.9999102344747383,0.0,10077.322946975299
45,1681,A-bin,"(0,.25]",89,49,49,0.550561797752809,0.9183673469387755,0.23341836734693877,21.918367427222584,1594.8647959183672,12.067415774538276,0.9979635163667152,1.000045057148176,0.0,17121.524060838914
45,1681,A-bin,"(.25,.5]",57,32,32,0.5614035087719298,1.0,0.521484375,15.31250006891787,1343.578125,8.59649126676091,0.9980800337598185,0.9999605852202375,0.0,11974.196525139596
45,1681,A-bin,"(.5,.75]",56,24,24,0.42857142857142855,0.9583333333333334,0.7291666666666666,8.66666672565043,1035.296875,3.71428573956447,0.9980340905200197,0.9999878533800397,0.0,4622.108979423504
45,1681,A-bin,"(.75,1)",20,12,12,0.6,0.8333333333333334,0.8385416666666666,5.166666740551591,911.1354166666666,3.1000000443309546,0.9980913757661822,1.0000637979038358,0.0,4124.767614354062
45,1681,A-bin,1,1,0,0,0.0,,,,,0.0,,,,0.0
45,1681,B-bin,0,37,22,22,0.5945945945945946,0.5909090909090909,0.07954545454545454,16.36363639614799,1729.2642045454545,9.729729749060965,0.9979507238354774,0.9999791477163891,0.0,14217.252423573012
45,1681,B-bin,"(0,.25]",86,44,44,0.5116279069767442,0.9545454545454546,0.25142045454545453,22.500000070441853,1595.6477272727273,11.511627943016762,0.9980011130719744,1.0000539756803954,0.0,16523.926828939017
45,1681,B-bin,"(.25,.5]",59,30,30,0.5084745762711864,0.9666666666666667,0.5270833333333333,15.133333386480809,1293.7875,7.694915281261428,0.9980595280347621,0.9998704517184028,0.0,10373.112161984254
45,1681,B-bin,"(.5,.75]",55,25,25,0.45454545454545453,1.0,0.76,7.680000088512897,1039.3925,3.4909091311422262,0.9980644651887915,1.000001253366729,0.0,4512.266930506036
45,1681,B-bin,"(.75,1)",19,11,11,0.5789473684210527,0.8181818181818182,0.8409090909090909,5.090909154577688,926.5227272727273,2.9473684579133987,0.997989633714401,1.000182417055901,0.0,3839.242633512772
50,1868,A-bin,0,33,17,17,0.5151515151515151,0.5882352941176471,0.09191176470588236,15.88235293416416,1701.7169117647059,8.181818178205779,0.9979711580520461,0.9999170728311458,0.0,12206.156359963918
50,1868,A-bin,"(0,.25]",89,53,53,0.5955056179775281,0.9245283018867925,0.23231132075471697,22.150943501940315,1570.3891509433963,13.191011298908277,0.9979531783726746,1.0000391389833034,0.0,18353.96185407779
50,1868,A-bin,"(.25,.5]",57,32,32,0.5614035087719298,1.0,0.521484375,15.31250006891787,1343.578125,8.59649126676091,0.9980800337598185,0.9999605852202375,0.0,11974.196525139596
50,1868,A-bin,"(.5,.75]",56,28,28,0.5,0.9285714285714286,0.75,8.000000060935106,1012.90625,4.000000030467553,0.9980498211807738,1.0000387321221074,0.0,4933.773185829431
50,1868,A-bin,"(.75,1)",20,13,13,0.65,0.8461538461538461,0.8413461538461539,5.076923152002005,897.5721153846154,3.300000048801303,0.9980720735072888,0.9999999937228274,0.0,4283.136962231286
50,1868,A-bin,1,1,1,1,1.0,0.0,1.0,0.0,553.5,0.0,0.9982802179372066,1.0000906182417701,0.0,0.0
50,1868,B-bin,0,37,23,23,0.6216216216216216,0.6086956521739131,0.08152173913043478,16.86956524848938,1717.2445652173913,10.486486505817723,0.9979458604241629,0.9999898858366393,0.0,15349.100844136594
50,1868,B-bin,"(0,.25]",86,50,50,0.5813953488372093,0.94,0.26375,22.28000009536743,1543.29125,12.953488427539204,0.9979855289408522,1.0000395403431768,0.0,18129.27653435799
50,1868,B-bin,"(.25,.5]",59,31,31,0.5254237288135594,0.967741935483871,0.5403225806451613,14.709677472470268,1274.5645161290322,7.728813587230141,0.9980524450701831,0.9998933254619589,0.0,10394.370890519447
50,1868,B-bin,"(.5,.75]",55,27,27,0.4909090909090909,1.0,0.7615740740740741,7.629629720416334,1040.1805555555557,3.7454545900225638,0.9980858335149552,1.0000236444096153,0.0,4806.792940963411
50,1868,B-bin,"(.75,1)",19,13,13,0.6842105263157895,0.7692307692307693,0.8557692307692307,4.615384676135504,883.0817307692307,3.1578947784085023,0.997990511214365,1.000105547389239,0.0,4005.947210225639
55,2055,A-bin,0,33,17,17,0.5151515151515151,0.5882352941176471,0.09191176470588236,15.88235293416416,1701.7169117647059,8.181818178205779,0.9979711580520461,0.9999170728311458,0.0,12206.156359963918
55,2055,A-bin,"(0,.25]",89,54,54,0.6067415730337079,0.9259259259259259,0.2349537037037037,22.111111210452187,1566.758101851852,13.41573039735301,0.9979538016252598,1.0000359214179164,0.0,18637.3184981993
55,2055,A-bin,"(.25,.5]",57,35,35,0.6140350877192983,1.0,0.525,15.20000007067408,1339.4357142857143,9.333333376729698,0.9980781606001727,0.9999452449811291,0.0,12964.17258199522
55,2055,A-bin,"(.5,.75]",56,31,31,0.5535714285714286,0.9354838709677419,0.7600806451612904,7.677419418288816,989.25,4.250000035124166,0.9980517302913741,1.0000441036836305,0.0,5134.908074711036
55,2055,A-bin,"(.75,1)",20,13,13,0.65,0.8461538461538461,0.8413461538461539,5.076923152002005,897.5721153846154,3.300000048801303,0.9980720735072888,0.9999999937228274,0.0,4283.136962231286
55,2055,A-bin,1,1,1,1,1.0,0.0,1.0,0.0,553.5,0.0,0.9982802179372066,1.0000906182417701,0.0,0.0
55,2055,B-bin,0,37,24,24,0.6486486486486487,0.625,0.09375,17.000000019868214,1702.9557291666667,11.027027039914518,0.9979473972786119,0.9999848814810787,0.0,16030.68844756402
55,2055,B-bin,"(0,.25]",86,50,50,0.5813953488372093,0.94,0.26375,22.28000009536743,1543.29125,12.953488427539204,0.9979855289408522,1.0000395403431768,0.0,18129.27653435799
55,2055,B-bin,"(.25,.5]",59,33,33,0.559322033898305,0.9696969696969697,0.5378787878787878,14.787878841387503,1278.8617424242425,8.271186470606569,0.9980514691948671,0.9998755352049216,0.0,11134.873099139455
55,2055,B-bin,"(.5,.75]",55,30,30,0.5454545454545454,1.0,0.7625,7.600000093628963,1028.9833333333333,4.145454596524889,0.9980809660365815,1.000017720705797,0.0,5216.757967292743
55,2055,B-bin,"(.75,1)",19,14,14,0.7368421052631579,0.7857142857142857,0.8616071428571429,4.428571488708258,871.1160714285714,3.26315793904819,0.9980081280375275,1.0001433521026541,0.0,4082.498908196521
60,2242,A-bin,0,33,18,18,0.5454545454545454,0.6111111111111112,0.10069444444444445,16.333333326710594,1701.2534722222222,8.909090905478507,0.9979644803450829,0.9999146265837853,0.0,13364.69031596783
60,2242,A-bin,"(0,.25]",89,58,58,0.651685393258427,0.9310344827586207,0.2543103448275862,21.655172509109153,1534.884698275862,14.112359612677874,0.997953408997468,1.0000478335452228,0.0,19437.401047548796
60,2242,A-bin,"(.25,.5]",57,39,39,0.6842105263157895,1.0,0.5432692307692307,14.615384686451693,1313.9663461538462,10.000000048624841,0.9980903571437143,0.9999450903097887,0.0,13822.622577915754
60,2242,A-bin,"(.5,.75]",56,34,34,0.6071428571428571,0.9411764705882353,0.7683823529411765,7.411764769431422,981.4191176470588,4.500000038583364,0.9980638940297225,1.0000531786133757,0.0,5481.234083463465
60,2242,A-bin,"(.75,1)",20,13,13,0.65,0.8461538461538461,0.8413461538461539,5.076923152002005,897.5721153846154,3.300000048801303,0.9980720735072888,0.9999999937228274,0.0,4283.136962231286
60,2242,A-bin,1,1,1,1,1.0,0.0,1.0,0.0,553.5,0.0,0.9982802179372066,1.0000906182417701,0.0,0.0
60,2242,B-bin,0,37,25,25,0.6756756756756757,0.64,0.0925,17.520000019073485,1689.0175,11.837837850725329,0.9979400244823441,0.999991747873691,0.0,16952.838948273966
60,2242,B-bin,"(0,.25]",86,53,53,0.6162790697674418,0.9433962264150944,0.27476415094339623,22.00000009446774,1541.2771226415093,13.558139593102212,0.9979878622892941,1.0000387171155527,0.0,19049.783447647525
60,2242,B-bin,"(.25,.5]",59,36,36,0.6101694915254238,0.9722222222222222,0.546875,14.500000050291419,1254.3680555555557,8.847457657804934,0.9980520340207505,0.9998861224350447,0.0,11765.703471678626
60,2242,B-bin,"(.5,.75]",55,35,35,0.6363636363636364,1.0,0.7767857142857143,7.142857233754226,1006.1357142857142,4.545454603298144,0.9981021764903911,1.0000350576495176,0.0,5712.4437609084025
60,2242,B-bin,"(.75,1)",19,14,14,0.7368421052631579,0.7857142857142857,0.8616071428571429,4.428571488708258,871.1160714285714,3.26315793904819,0.9980081280375275,1.0001433521026541,0.0,4082.498908196521
65,2428,A-bin,0,33,20,20,0.6060606060606061,0.55,0.090625,14.699999994039535,1677.79375,8.909090905478507,0.9979744801763711,0.9999320712679557,0.0,13364.69031596783
65,2428,A-bin,"(0,.25]",89,62,62,0.6966292134831461,0.9354838709677419,0.2661290322580645,21.419354939412685,1515.5524193548388,14.9213483847594,0.9979535260454483,1.0000330870136465,0.0,20398.21117779808
65,2428,A-bin,"(.25,.5]",57,41,41,0.7192982456140351,1.0,0.5426829268292683,14.634146411971349,1312.3201219512196,10.526315840189916,0.9980903828695435,0.9999572722388727,0.0,14514.382775986769
65,2428,A-bin,"(.5,.75]",56,36,36,0.6428571428571429,0.9444444444444444,0.7690972222222222,7.388888952632745,979.7170138888889,4.750000040978193,0.9980736407287835,1.0000784696686862,0.0,5798.778221285727
65,2428,A-bin,"(.75,1)",20,14,14,0.7,0.8571428571428571,0.8258928571428571,5.571428658174617,899.4017857142857,3.900000060722232,0.998090887009611,1.0000236981079245,0.0,4868.633205596248
65,2428,A-bin,1,1,1,1,1.0,0.0,1.0,0.0,553.5,0.0,0.9982802179372066,1.0000906182417701,0.0,0.0
65,2428,B-bin,0,37,27,27,0.7297297297297297,0.5925925925925926,0.08564814814814815,16.222222239882857,1672.5462962962963,11.837837850725329,0.997949043958874,0.9999997009458584,0.0,16952.838948273966
65,2428,B-bin,"(0,.25]",86,55,55,0.6395348837209303,0.9454545454545454,0.2761363636363636,22.000000099702316,1533.35,14.069767505623574,0.9979851819124578,1.0000309013873843,0.0,19661.557652199277
65,2428,B-bin,"(.25,.5]",59,39,39,0.6610169491525424,0.9743589743589743,0.5448717948717948,14.564102613582062,1251.6426282051282,9.627118676774582,0.9980517434857645,0.9998938690111109,0.0,12729.106266986922
65,2428,B-bin,"(.5,.75]",55,39,39,0.7090909090909091,1.0,0.7692307692307693,7.384615481855014,1006.0897435897435,5.236363705315373,0.9981137338736394,1.0000633745029326,0.0,6530.288905507312
65,2428,B-bin,"(.75,1)",19,14,14,0.7368421052631579,0.7857142857142857,0.8616071428571429,4.428571488708258,871.1160714285714,3.26315793904819,0.9980081280375275,1.0001433521026541,0.0,4082.498908196521
70,2615,A-bin,0,33,20,20,0.6060606060606061,0.55,0.090625,14.699999994039535,1677.79375,8.909090905478507,0.9979744801763711,0.9999320712679557,0.0,13364.69031596783
70,2615,A-bin,"(0,.25]",89,67,67,0.7528089887640449,0.9402985074626866,0.2733208955223881,21.343283695293895,1503.3824626865671,16.067415815558327,0.9979634254181233,1.0000395883754594,0.0,21880.84663858542
70,2615,A-bin,"(.25,.5]",57,43,43,0.7543859649122807,1.0,0.5392441860465116,14.744186110967814,1308.6119186046512,11.1228070661687,0.998092516667309,0.9999555924220579,0.0,15230.575339474011
70,2615,A-bin,"(.5,.75]",56,39,39,0.6964285714285714,0.9487179487179487,0.7740384615384616,7.230769297251334,975.2051282051282,5.035714332014322,0.9980882699614956,1.000055514846482,0.0,6137.532553000659
70,2615,A-bin,"(.75,1)",20,15,15,0.75,0.8,0.8375,5.200000080962976,870.8916666666667,3.900000060722232,0.9980837626608992,1.0000011350646243,0.0,4868.633205596248
70,2615,A-bin,1,1,1,1,1.0,0.0,1.0,0.0,553.5,0.0,0.9982802179372066,1.0000906182417701,0.0,0.0
70,2615,B-bin,0,37,29,29,0.7837837837837838,0.6206896551724138,0.10129310344827586,16.620689688057734,1676.2952586206898,13.027027052802008,0.9979451552980866,1.0000082484164785,0.0,18848.79706248604
70,2615,B-bin,"(0,.25]",86,58,58,0.6744186046511628,0.9482758620689655,0.2823275862068966,21.862069074963703,1511.082974137931,14.744186120324356,0.9979976980243297,1.0000350304913301,0.0,20380.210045039123
70,2615,B-bin,"(.25,.5]",59,43,43,0.7288135593220338,0.9767441860465116,0.5537790697674418,14.279069814397845,1238.155523255814,10.406779695239107,0.9980640293491035,0.9998847403461818,0.0,13669.164674514259
70,2615,B-bin,"(.5,.75]",55,41,41,0.7454545454545455,0.975609756097561,0.7774390243902439,7.121951314189086,988.0731707317074,5.309090979668227,0.9981143490803536,1.0000568446971427,0.0,6609.012044610878
70,2615,B-bin,"(.75,1)",19,14,14,0.7368421052631579,0.7857142857142857,0.8616071428571429,4.428571488708258,871.1160714285714,3.26315793904819,0.9980081280375275,1.0001433521026541,0.0,4082.498908196521
75,2802,A-bin,0,33,24,24,0.7272727272727273,0.5416666666666666,0.09635416666666667,14.250000024835268,1659.4635416666667,10.363636381698377,0.9979648113988334,0.9999435846354846,0.0,15250.293127508474
75,2802,A-bin,"(0,.25]",89,70,70,0.7865168539325843,0.9428571428571428,0.27767857142857144,21.285714394067014,1500.94375,16.741573118929114,0.9979656668423627,1.0000399898812706,0.0,22800.884731396243
75,2802,A-bin,"(.25,.5]",57,44,44,0.7719298245614035,1.0,0.5397727272727273,14.727272792973302,1305.7613636363637,11.368421103347812,0.9980951214885598,0.9999520032707043,0.0,15534.707579195556
75,2802,A-bin,"(.5,.75]",56,46,46,0.8214285714285714,0.9565217391304348,0.7771739130434783,7.130434847234384,962.6467391304348,5.8571429102282435,0.9980967259254492,1.0000144552475183,0.0,7029.560004768074
75,2802,A-bin,"(.75,1)",20,15,15,0.75,0.8,0.8375,5.200000080962976,870.8916666666667,3.900000060722232,0.9980837626608992,1.0000011350646243,0.0,4868.633205596248
75,2802,A-bin,1,1,1,1,1.0,0.0,1.0,0.0,553.5,0.0,0.9982802179372066,1.0000906182417701,0.0,0.0
75,2802,B-bin,0,37,31,31,0.8378378378378378,0.6129032258064516,0.10080645161290322,16.387096820339078,1670.108870967742,13.729729768392202,0.997948574166894,1.0000150050622436,0.0,19597.558741225257
75,2802,B-bin,"(0,.25]",86,62,62,0.7209302325581395,0.9354838709677419,0.2782258064516129,21.54838720108232,1512.6199596774193,15.534883796129115,0.9979983606394175,1.0000271621769463,0.0,21507.180176279406
75,2802,B-bin,"(.25,.5]",59,49,49,0.8305084745762712,0.9795918367346939,0.5739795918367347,13.63265310972929,1214.1313775510205,11.322033938588733,0.9980632053066726,0.9998851035006062,0.0,14752.800714600977
75,2802,B-bin,"(.5,.75]",55,42,42,0.7636363636363637,0.9761904761904762,0.7723214285714286,7.28571438097528,992.71875,5.563636436381123,0.9981173174325852,1.0000490256280332,0.0,6924.203638504115
75,2802,B-bin,"(.75,1)",19,16,16,0.8421052631578947,0.8125,0.8671875,4.25000006146729,843.9296875,3.578947420182981,0.9980113842199937,1.0001014167233053,0.0,4372.166306872722
80,2989,A-bin,0,33,26,26,0.7878787878787878,0.5384615384615384,0.09134615384615384,14.30769233061717,1683.0985576923076,11.272727290789286,0.9979603056964276,0.9999284678200935,0.0,16884.761018172056
80,2989,A-bin,"(0,.25]",89,76,76,0.8539325842696629,0.9473684210526315,0.28536184210526316,21.184210632388528,1484.2787828947369,18.08988773102841,0.9979785053354889,1.0000238592581705,0.0,24513.099925251812
80,2989,A-bin,"(.25,.5]",57,45,45,0.7894736842105263,1.0,0.5402777777777777,14.711111178000769,1296.4,11.614035140526923,0.9980967239730728,0.9999495517902978,0.0,15753.514731538775
80,2989,A-bin,"(.5,.75]",56,49,49,0.875,0.9591836734693877,0.7755102040816326,7.183673535530665,966.7997448979592,6.285714343589332,0.9981049965564595,1.0000025627447051,0.0,7573.146656942215
80,2989,A-bin,"(.75,1)",20,17,17,0.85,0.7647058823529411,0.8492647058823529,4.823529488461859,839.9522058823529,4.10000006519258,0.9981159136283515,0.9999711773423944,0.0,5065.815470193455
80,2989,A-bin,1,1,1,1,1.0,0.0,1.0,0.0,553.5,0.0,0.9982802179372066,1.0000906182417701,0.0,0.0
80,2989,B-bin,0,37,32,32,0.8648648648648649,0.59375,0.09765625,15.875000044703484,1680.6875,13.729729768392202,0.9979433868149018,1.0000027883909404,0.0,19597.558741225257
80,2989,B-bin,"(0,.25]",86,70,70,0.813953488372093,0.9428571428571428,0.2875,21.428571529473576,1490.4410714285714,17.441860547245934,0.9980120121468171,1.0000057049951434,0.0,24051.32669172832
80,2989,B-bin,"(.25,.5]",59,49,49,0.8305084745762712,0.9795918367346939,0.5739795918367347,13.63265310972929,1214.1313775510205,11.322033938588733,0.9980632053066726,0.9998851035006062,0.0,14752.800714600977
80,2989,B-bin,"(.5,.75]",55,46,46,0.8363636363636363,0.9782608695652174,0.7730978260869565,7.26086965996934,989.1875,6.072727351974358,0.9981313755039576,1.0000256700948245,0.0,7549.37632602586
80,2989,B-bin,"(.75,1)",19,17,17,0.8947368421052632,0.7647058823529411,0.875,4.000000057851567,823.6286764705883,3.578947420182981,0.9980227735669238,1.0000928712477197,0.0,4372.166306872722
85,3176,A-bin,0,33,27,27,0.8181818181818182,0.5185185185185185,0.08796296296296297,13.777777799853572,1694.8171296296296,11.272727290789286,0.9979519934826758,0.9999336066270664,0.0,16884.761018172056
85,3176,A-bin,"(0,.25]",89,77,77,0.8651685393258427,0.948051948051948,0.286525974025974,21.168831270429994,1483.4918831168832,18.314606829473142,0.9979788643078675,1.000023146698417,0.0,24821.887566067497
85,3176,A-bin,"(.25,.5]",57,46,46,0.8070175438596491,1.0,0.5366847826086957,14.826087016774261,1300.672554347826,11.964912329326596,0.9980848928620104,0.9999485903236446,0.0,16238.853267184231
85,3176,A-bin,"(.5,.75]",56,51,51,0.9107142857142857,0.9411764705882353,0.7794117647058824,7.058823595298271,965.4754901960785,6.428571488575211,0.9981160751060058,0.9999925190669036,0.0,7763.826008657706
85,3176,A-bin,"(.75,1)",20,17,17,0.85,0.7647058823529411,0.8492647058823529,4.823529488461859,839.9522058823529,4.10000006519258,0.9981159136283515,0.9999711773423944,0.0,5065.815470193455
85,3176,A-bin,1,1,1,1,1.0,0.0,1.0,0.0,553.5,0.0,0.9982802179372066,1.0000906182417701,0.0,0.0
85,3176,B-bin,0,37,32,32,0.8648648648648649,0.59375,0.09765625,15.875000044703484,1680.6875,13.729729768392202,0.9979433868149018,1.0000027883909404,0.0,19597.558741225257
85,3176,B-bin,"(0,.25]",86,73,73,0.8488372093023255,0.9315068493150684,0.285958904109589,21.095890501182375,1496.5342465753424,17.906976820771085,0.9980022025944483,1.0000046414310968,0.0,24692.563861081668
85,3176,B-bin,"(.25,.5]",59,50,50,0.847457627118644,0.98,0.5775,13.52000004991889,1213.8175,11.457627160948212,0.9980747526483198,0.999887877412066,0.0,14933.784506059748
85,3176,B-bin,"(.5,.75]",55,47,47,0.8545454545454545,0.9574468085106383,0.7779255319148937,7.106383071459354,982.3457446808511,6.072727351974358,0.9981287164480491,1.000014027234809,0.0,7549.37632602586
85,3176,B-bin,"(.75,1)",19,17,17,0.8947368421052632,0.7647058823529411,0.875,4.000000057851567,823.6286764705883,3.578947420182981,0.9980227735669238,1.0000928712477197,0.0,4372.166306872722
90,3362,A-bin,0,33,30,30,0.9090909090909091,0.5,0.08333333333333333,13.333333353201548,1698.4479166666667,12.121212139274135,0.9979507230860714,0.9999612403918607,0.0,18157.477560800733
90,3362,A-bin,"(0,.25]",89,83,83,0.9325842696629213,0.9397590361445783,0.2876506024096386,20.8674699838262,1479.8546686746988,19.46067425457949,0.9979870261268844,1.0000317791995543,0.0,26262.51022707908
90,3362,A-bin,"(.25,.5]",57,48,48,0.8421052631578947,1.0,0.5494791666666666,14.416666726581752,1284.0442708333333,12.140350927647791,0.9980955050362191,0.9999534113272766,0.0,16466.480709520434
90,3362,A-bin,"(.5,.75]",56,51,51,0.9107142857142857,0.9411764705882353,0.7794117647058824,7.058823595298271,965.4754901960785,6.428571488575211,0.9981160751060058,0.9999925190669036,0.0,7763.826008657706
90,3362,A-bin,"(.75,1)",20,18,18,0.9,0.7777777777777778,0.8506944444444444,4.777777855181032,845.4375,4.300000069662929,0.9981332337948151,0.9999726545968789,0.0,5287.771923267469
90,3362,A-bin,1,1,1,1,1.0,0.0,1.0,0.0,553.5,0.0,0.9982802179372066,1.0000906182417701,0.0,0.0
90,3362,B-bin,0,37,34,34,0.918918918918919,0.5588235294117647,0.09191176470588236,14.941176512662102,1679.8308823529412,13.729729768392202,0.9979388786784432,1.0000057066830403,0.0,19597.558741225257
90,3362,B-bin,"(0,.25]",86,80,80,0.9302325581395349,0.925,0.29140625,20.67500008996576,1492.57109375,19.232558223223965,0.9980117893410946,1.000026319877508,0.0,26435.22071780687
90,3362,B-bin,"(.25,.5]",59,51,51,0.864406779661017,0.9803921568627451,0.5723039215686274,13.686274563418884,1213.8419117647059,11.830508520921407,0.9980744392644286,0.9998907744742475,0.0,15404.606235554973
90,3362,B-bin,"(.5,.75]",55,48,48,0.8727272727272727,0.9583333333333334,0.7799479166666666,7.041666759333263,980.4140625,6.145454626327211,0.9981373664070354,1.0000067977679283,0.0,7650.155512050491
90,3362,B-bin,"(.75,1)",19,18,18,0.9473684210526315,0.7777777777777778,0.875,4.000000059604645,830.0208333333334,3.7894737406780847,0.9980462581089077,1.0000867300448608,0.0,4605.804678529579
95,3549,A-bin,0,33,32,32,0.9696969696969697,0.5,0.080078125,13.437500018626451,1667.5390625,13.030303048365043,0.9979477324216625,0.99996265742106,0.0,19626.285384139024
95,3549,A-bin,"(0,.25]",89,87,87,0.9775280898876404,0.9310344827586207,0.28663793103448276,20.6206897505741,1476.0833333333333,20.157303464044347,0.997992527446362,1.0000295158807084,0.0,27274.33492182091
95,3549,A-bin,"(.25,.5]",57,53,53,0.9298245614035088,1.0,0.5542452830188679,14.264151004687795,1280.5849056603774,13.263157951727248,0.9981089052785643,0.9999598340367484,0.0,17962.021713656824
95,3549,A-bin,"(.5,.75]",56,53,53,0.9464285714285714,0.9433962264150944,0.7806603773584906,7.018867991864681,969.4021226415094,6.642857206586216,0.9981211783918971,0.9999905266835453,0.0,8015.404861532777
95,3549,A-bin,"(.75,1)",20,19,19,0.95,0.7894736842105263,0.8519736842105263,4.736842183298187,832.8552631578947,4.500000074133277,0.9981328464925356,1.0000080404973863,0.0,5437.236092193365
95,3549,A-bin,1,1,1,1,1.0,0.0,1.0,0.0,553.5,0.0,0.9982802179372066,1.0000906182417701,0.0,0.0
95,3549,B-bin,0,37,36,36,0.972972972972973,0.5277777777777778,0.08680555555555555,14.111111150847542,1641.501736111111,13.729729768392202,0.9979458548954044,1.0000013642348327,0.0,19597.558741225257
95,3549,B-bin,"(0,.25]",86,85,85,0.9883720930232558,0.9294117647058824,0.2948529411764706,20.682353024447664,1489.9397058823529,20.441860547419203,0.9980182131060216,1.0000241992452135,0.0,28230.55181722098
95,3549,B-bin,"(.25,.5]",59,56,56,0.9491525423728814,0.9821428571428571,0.578125,13.500000054681939,1215.2890625,12.8135593739354,0.9980831468337266,0.9999027148273852,0.0,16693.743418235932
95,3549,B-bin,"(.5,.75]",55,50,50,0.9090909090909091,0.96,0.7825,6.960000091046095,973.44125,6.3272728100419044,0.9981370316373271,1.0000193555696666,0.0,7839.046858408541
95,3549,B-bin,"(.75,1)",19,18,18,0.9473684210526315,0.7777777777777778,0.875,4.000000059604645,830.0208333333334,3.7894737406780847,0.9980462581089077,1.0000867300448608,0.0,4605.804678529579
100,3736,A-bin,0,33,33,33,1.0,0.5151515151515151,0.08712121212121213,13.696969722256515,1653.0246212121212,13.696969722256515,0.9979534440788175,0.9999710995300601,0.0,20364.949371555536
100,3736,A-bin,"(0,.25]",89,89,89,1.0,0.9213483146067416,0.28370786516853935,20.40449447795916,1474.1369382022472,20.40449447795916,0.997996573194044,1.0000206252069577,0.0,27636.95905098245
100,3736,A-bin,"(.25,.5]",57,57,57,1.0,1.0,0.5679824561403509,13.82456146938759,1265.5888157894738,13.82456146938759,0.99812185240301,0.999955400672994,0.0,18675.1206145848
100,3736,A-bin,"(.5,.75]",56,56,56,1.0,0.9285714285714286,0.7834821428571429,6.928571495227516,973.4029017857143,6.928571495227516,0.9981128550175276,1.000018163145213,0.0,8383.54374292646
100,3736,A-bin,"(.75,1)",20,20,20,1.0,0.8,0.85625,4.60000007674098,818.88125,4.60000007674098,0.9981324135941363,1.0000021561603,0.0,5562.352424710098
100,3736,A-bin,1,1,1,1,1.0,0.0,1.0,0.0,553.5,0.0,0.9982802179372066,1.0000906182417701,0.0,0.0
100,3736,B-bin,0,37,37,37,1.0,0.5135135135135135,0.08445945945945946,13.729729768392202,1627.4273648648648,13.729729768392202,0.9979528980475914,0.999999719962749,0.0,19597.558741225257
100,3736,B-bin,"(0,.25]",86,86,86,1.0,0.9302325581395349,0.29505813953488375,20.697674503679885,1486.4353197674418,20.697674503679885,0.9980199950821772,1.000027229509957,0.0,28513.99264960174
100,3736,B-bin,"(.25,.5]",59,59,59,1.0,0.9830508474576272,0.5805084745762712,13.42372887354281,1218.0381355932204,13.42372887354281,0.9980915278809749,0.9998968674937264,0.0,17546.41326295705
100,3736,B-bin,"(.5,.75]",55,55,55,1.0,0.9454545454545454,0.7852272727272728,6.872727364030752,974.1522727272727,6.872727364030752,0.9981362732697069,1.0000166420921752,0.0,8524.211398969845
100,3736,B-bin,"(.75,1)",19,19,19,1.0,0.7894736842105263,0.8717105263157895,4.105263215146567,833.546052631579,4.105263215146567,0.9980428567749347,1.0001290365953024,0.0,5029.3161673314
