snapshot_pct,direction,bin,n_questions,n_questions_A,n_questions_B,delta_R,delta_T,delta_C
5,A-bin/B-base,0,33,,,0.022727272727272728,-0.005681818181818182,0.005681818181818182
5,A-bin/B-base,"(0,.25]",89,,,0.016853932584269662,0.0014044943820224719,0.009129213483146067
5,A-bin/B-base,"(.25,.5]",57,,,0.02412280701754386,0.027412280701754384,0.01206140350877193
5,A-bin/B-base,"(.5,.75]",56,,,0.036830357142857144,0.041294642857142856,-0.005580357142857143
5,A-bin/B-base,"(.75,1)",20,,,-0.05,-0.021875,-0.03125
5,A-bin/B-base,1,1,,,0.0,0.0,0.0625
5,B-bin/A-base,0,37,,,-0.018581081081081082,-0.030405405405405407,-0.02533783783783784
5,B-bin/A-base,"(0,.25]",86,,,0.03561046511627907,0.04142441860465116,0.025436046511627907
5,B-bin/A-base,"(.25,.5]",59,,,-0.011652542372881356,-0.013771186440677966,-0.00211864406779661
5,B-bin/A-base,"(.5,.75]",55,,,0.014772727272727272,0.019318181818181818,-0.010227272727272727
5,B-bin/A-base,"(.75,1)",19,,,-0.023026315789473683,-0.03289473684210526,-0.009868421052631578
10,A-bin/B-base,0,33,,,0.022727272727272728,0.026515151515151516,-0.007575757575757576
10,A-bin/B-base,"(0,.25]",89,,,0.03160112359550562,0.051264044943820225,0.02457865168539326
10,A-bin/B-base,"(.25,.5]",57,,,0.08442982456140351,0.08662280701754387,0.015350877192982455
10,A-bin/B-base,"(.5,.75]",56,,,0.04241071428571429,0.0625,-0.005580357142857143
10,A-bin/B-base,"(.75,1)",20,,,0.003125,0.0375,-0.009375
10,A-bin/B-base,1,1,,,0.125,0.1875,0.0
10,B-bin/A-base,0,37,,,-0.006756756756756757,0.02533783783783784,-0.013513513513513514
10,B-bin/A-base,"(0,.25]",86,,,0.034156976744186045,0.0690406976744186,0.015988372093023256
10,B-bin/A-base,"(.25,.5]",59,,,0.019067796610169493,0.036016949152542374,-0.00423728813559322
10,B-bin/A-base,"(.5,.75]",55,,,0.07727272727272727,0.07613636363636364,0.02159090909090909
10,B-bin/A-base,"(.75,1)",19,,,0.013157894736842105,0.01644736842105263,0.003289473684210526
15,A-bin/B-base,0,33,,,0.054924242424242424,0.06439393939393939,0.02462121212121212
15,A-bin/B-base,"(0,.25]",89,,,0.07443820224719101,0.13553370786516855,0.06811797752808989
15,A-bin/B-base,"(.25,.5]",57,,,0.0800438596491228,0.12609649122807018,-0.006578947368421052
15,A-bin/B-base,"(.5,.75]",56,,,0.12165178571428571,0.15625,0.002232142857142857
15,A-bin/B-base,"(.75,1)",20,,,0.0375,0.075,-0.0125
15,A-bin/B-base,1,1,,,-0.0625,-0.0625,-0.0625
15,B-bin/A-base,0,37,,,0.02533783783783784,0.08108108108108109,0.006756756756756757
15,B-bin/A-base,"(0,.25]",86,,,0.059593023255813955,0.13226744186046513,0.04142441860465116
15,B-bin/A-base,"(.25,.5]",59,,,0.08686440677966102,0.1281779661016949,0.037076271186440676
15,B-bin/A-base,"(.5,.75]",55,,,0.10454545454545454,0.1375,-0.004545454545454545
15,B-bin/A-base,"(.75,1)",19,,,0.049342105263157895,0.039473684210526314,0.006578947368421052
20,A-bin/B-base,0,33,,,0.03409090909090909,0.12878787878787878,0.003787878787878788
20,A-bin/B-base,"(0,.25]",89,,,0.10533707865168539,0.1797752808988764,0.0723314606741573
20,A-bin/B-base,"(.25,.5]",57,,,0.10635964912280702,0.16557017543859648,0.023026315789473683
20,A-bin/B-base,"(.5,.75]",56,,,0.12276785714285714,0.16852678571428573,0.0033482142857142855
20,A-bin/B-base,"(.75,1)",20,,,0.09375,0.128125,0.0
20,A-bin/B-base,1,1,,,0.125,0.1875,0.0
20,B-bin/A-base,0,37,,,0.008445945945945946,0.11486486486486487,-0.006756756756756757
20,B-bin/A-base,"(0,.25]",86,,,0.0872093023255814,0.19404069767441862,0.05159883720930233
20,B-bin/A-base,"(.25,.5]",59,,,0.11122881355932203,0.15254237288135594,0.0423728813559322
20,B-bin/A-base,"(.5,.75]",55,,,0.12954545454545455,0.16363636363636364,0.020454545454545454
20,B-bin/A-base,"(.75,1)",19,,,0.06907894736842106,0.08552631578947369,-0.009868421052631578
25,A-bin/B-base,0,33,,,0.06818181818181818,0.18181818181818182,0.030303030303030304
25,A-bin/B-base,"(0,.25]",89,,,0.11165730337078651,0.22823033707865167,0.06530898876404495
25,A-bin/B-base,"(.25,.5]",57,,,0.13706140350877194,0.20614035087719298,0.03618421052631579
25,A-bin/B-base,"(.5,.75]",56,,,0.16071428571428573,0.20089285714285715,0.0234375
25,A-bin/B-base,"(.75,1)",20,,,0.090625,0.13125,0.00625
25,A-bin/B-base,1,1,,,0.0625,0.0625,0.0
25,B-bin/A-base,0,37,,,0.037162162162162164,0.19087837837837837,0.015202702702702704
25,B-bin/A-base,"(0,.25]",86,,,0.10174418604651163,0.22747093023255813,0.05886627906976744
25,B-bin/A-base,"(.25,.5]",59,,,0.13241525423728814,0.20127118644067796,0.03919491525423729
25,B-bin/A-base,"(.5,.75]",55,,,0.15681818181818183,0.18409090909090908,0.03295454545454545
25,B-bin/A-base,"(.75,1)",19,,,0.08881578947368421,0.10855263157894737,0.006578947368421052
30,A-bin/B-base,0,33,,,0.05303030303030303,0.19318181818181818,0.026515151515151516
30,A-bin/B-base,"(0,.25]",89,,,0.12851123595505617,0.27036516853932585,0.06741573033707865
30,A-bin/B-base,"(.25,.5]",57,,,0.1699561403508772,0.24232456140350878,0.04276315789473684
30,A-bin/B-base,"(.5,.75]",56,,,0.171875,0.20535714285714285,0.03236607142857143
30,A-bin/B-base,"(.75,1)",20,,,0.103125,0.13125,-0.003125
30,A-bin/B-base,1,1,,,0.1875,0.1875,0.0625
30,B-bin/A-base,0,37,,,0.02533783783783784,0.20439189189189189,0.0033783783783783786
30,B-bin/A-base,"(0,.25]",86,,,0.12209302325581395,0.2805232558139535,0.0559593023255814
30,B-bin/A-base,"(.25,.5]",59,,,0.16101694915254236,0.22033898305084745,0.0614406779661017
30,B-bin/A-base,"(.5,.75]",55,,,0.1625,0.18977272727272726,0.02727272727272727
30,B-bin/A-base,"(.75,1)",19,,,0.11842105263157894,0.1118421052631579,0.03289473684210526
35,A-bin/B-base,0,33,,,0.05113636363636364,0.20454545454545456,0.026515151515151516
35,A-bin/B-base,"(0,.25]",89,,,0.13834269662921347,0.2563202247191011,0.08497191011235955
35,A-bin/B-base,"(.25,.5]",57,,,0.17434210526315788,0.26864035087719296,0.043859649122807015
35,A-bin/B-base,"(.5,.75]",56,,,0.18191964285714285,0.22544642857142858,0.021205357142857144
35,A-bin/B-base,"(.75,1)",20,,,0.1125,0.14375,0.015625
35,A-bin/B-base,1,1,,,0.0625,0.0625,0.0
35,B-bin/A-base,0,37,,,0.02702702702702703,0.20608108108108109,0.0033783783783783786
35,B-bin/A-base,"(0,.25]",86,,,0.13517441860465115,0.27325581395348836,0.08139534883720931
35,B-bin/A-base,"(.25,.5]",59,,,0.15572033898305085,0.23728813559322035,0.04449152542372881
35,B-bin/A-base,"(.5,.75]",55,,,0.1784090909090909,0.21818181818181817,0.03068181818181818
35,B-bin/A-base,"(.75,1)",19,,,0.11513157894736842,0.10526315789473684,0.029605263157894735
40,A-bin/B-base,0,33,,,0.07007575757575757,0.2159090909090909,0.045454545454545456
40,A-bin/B-base,"(0,.25]",89,,,0.13834269662921347,0.3125,0.07443820224719101
40,A-bin/B-base,"(.25,.5]",57,,,0.17982456140350878,0.2631578947368421,0.05921052631578947
40,A-bin/B-base,"(.5,.75]",56,,,0.19084821428571427,0.24107142857142858,0.030133928571428572
40,A-bin/B-base,"(.75,1)",20,,,0.10625,0.153125,0.0125
40,A-bin/B-base,1,1,,,0.1875,0.1875,0.0625
40,B-bin/A-base,0,37,,,0.04054054054054054,0.24324324324324326,0.02027027027027027
40,B-bin/A-base,"(0,.25]",86,,,0.13444767441860464,0.313953488372093,0.06758720930232558
40,B-bin/A-base,"(.25,.5]",59,,,0.17266949152542374,0.2542372881355932,0.07097457627118645
40,B-bin/A-base,"(.5,.75]",55,,,0.17045454545454544,0.21363636363636362,0.031818181818181815
40,B-bin/A-base,"(.75,1)",19,,,0.13815789473684212,0.13815789473684212,0.029605263157894735
45,A-bin/B-base,0,33,,,0.06060606060606061,0.24242424242424243,0.00946969696969697
45,A-bin/B-base,"(0,.25]",89,,,0.1720505617977528,0.3181179775280899,0.10884831460674158
45,A-bin/B-base,"(.25,.5]",57,,,0.18201754385964913,0.2675438596491228,0.043859649122807015
45,A-bin/B-base,"(.5,.75]",56,,,0.1875,0.234375,0.03125
45,A-bin/B-base,"(.75,1)",20,,,0.115625,0.15625,0.0125
45,A-bin/B-base,1,1,,,0.1875,0.1875,0.0625
45,B-bin/A-base,0,37,,,0.02702702702702703,0.25,-0.0033783783783783786
45,B-bin/A-base,"(0,.25]",86,,,0.16497093023255813,0.31613372093023256,0.09302325581395349
45,B-bin/A-base,"(.25,.5]",59,,,0.17372881355932204,0.2616525423728814,0.06038135593220339
45,B-bin/A-base,"(.5,.75]",55,,,0.19204545454545455,0.22613636363636364,0.04659090909090909
45,B-bin/A-base,"(.75,1)",19,,,0.10855263157894737,0.125,0.006578947368421052
50,A-bin/B-base,0,33,,,0.08143939393939394,0.25,0.04734848484848485
50,A-bin/B-base,"(0,.25]",89,,,0.1622191011235955,0.3441011235955056,0.09269662921348315
50,A-bin/B-base,"(.25,.5]",57,,,0.20065789473684212,0.28399122807017546,0.0581140350877193
50,A-bin/B-base,"(.5,.75]",56,,,0.20200892857142858,0.24888392857142858,0.03125
50,A-bin/B-base,"(.75,1)",20,,,0.10625,0.146875,0.015625
50,A-bin/B-base,1,1,,,0.125,0.125,0.0625
50,B-bin/A-base,0,37,,,0.04391891891891892,0.2719594594594595,0.030405405405405407
50,B-bin/A-base,"(0,.25]",86,,,0.16061046511627908,0.3372093023255814,0.08357558139534883
50,B-bin/A-base,"(.25,.5]",59,,,0.1906779661016949,0.2838983050847458,0.06567796610169492
50,B-bin/A-base,"(.5,.75]",55,,,0.19090909090909092,0.22840909090909092,0.038636363636363635
50,B-bin/A-base,"(.75,1)",19,,,0.12171052631578948,0.125,0.02631578947368421
55,A-bin/B-base,0,33,,,0.07575757575757576,0.2556818181818182,0.045454545454545456
55,A-bin/B-base,"(0,.25]",89,,,0.1699438202247191,0.324438202247191,0.09831460674157304
55,A-bin/B-base,"(.25,.5]",57,,,0.20285087719298245,0.2807017543859649,0.07017543859649122
55,A-bin/B-base,"(.5,.75]",56,,,0.1953125,0.24441964285714285,0.03236607142857143
55,A-bin/B-base,"(.75,1)",20,,,0.128125,0.153125,0.028125
55,A-bin/B-base,1,1,,,0.0625,0.0625,0.0625
55,B-bin/A-base,0,37,,,0.0472972972972973,0.28547297297297297,0.02364864864864865
55,B-bin/A-base,"(0,.25]",86,,,0.16787790697674418,0.31976744186046513,0.09520348837209303
55,B-bin/A-base,"(.25,.5]",59,,,0.20127118644067796,0.2722457627118644,0.09004237288135593
55,B-bin/A-base,"(.5,.75]",55,,,0.175,0.22613636363636364,0.020454545454545454
55,B-bin/A-base,"(.75,1)",19,,,0.12828947368421054,0.11842105263157894,0.039473684210526314
60,A-bin/B-base,0,33,,,0.07007575757575757,0.24053030303030304,0.030303030303030304
60,A-bin/B-base,"(0,.25]",89,,,0.15168539325842698,0.32865168539325845,0.08356741573033707
60,A-bin/B-base,"(.25,.5]",57,,,0.19846491228070176,0.30701754385964913,0.06140350877192982
60,A-bin/B-base,"(.5,.75]",56,,,0.19977678571428573,0.2533482142857143,0.024553571428571428
60,A-bin/B-base,"(.75,1)",20,,,0.128125,0.15625,0.025
60,A-bin/B-base,1,1,,,0.125,0.125,0.0625
60,B-bin/A-base,0,37,,,0.033783783783783786,0.2516891891891892,0.010135135135135136
60,B-bin/A-base,"(0,.25]",86,,,0.15770348837209303,0.3444767441860465,0.07994186046511628
60,B-bin/A-base,"(.25,.5]",59,,,0.17796610169491525,0.2764830508474576,0.059322033898305086
60,B-bin/A-base,"(.5,.75]",55,,,0.18977272727272726,0.23636363636363636,0.03636363636363636
60,B-bin/A-base,"(.75,1)",19,,,0.13815789473684212,0.13486842105263158,0.03618421052631579
65,A-bin/B-base,0,33,,,0.08333333333333333,0.24621212121212122,0.05113636363636364
65,A-bin/B-base,"(0,.25]",89,,,0.17626404494382023,0.34691011235955055,0.09691011235955056
65,A-bin/B-base,"(.25,.5]",57,,,0.22916666666666666,0.31469298245614036,0.08771929824561403
65,A-bin/B-base,"(.5,.75]",56,,,0.21763392857142858,0.26339285714285715,0.036830357142857144
65,A-bin/B-base,"(.75,1)",20,,,0.096875,0.140625,0.00625
65,A-bin/B-base,1,1,,,0.1875,0.1875,0.0625
65,B-bin/A-base,0,37,,,0.05574324324324324,0.27702702702702703,0.02702702702702703
65,B-bin/A-base,"(0,.25]",86,,,0.18459302325581395,0.35755813953488375,0.09811046511627906
65,B-bin/A-base,"(.25,.5]",59,,,0.211864406779661,0.298728813559322,0.08686440677966102
65,B-bin/A-base,"(.5,.75]",55,,,0.1965909090909091,0.23068181818181818,0.04090909090909091
65,B-bin/A-base,"(.75,1)",19,,,0.10197368421052631,0.10855263157894737,0.01644736842105263
70,A-bin/B-base,0,33,,,0.08901515151515152,0.2708333333333333,0.030303030303030304
70,A-bin/B-base,"(0,.25]",89,,,0.15589887640449437,0.33918539325842695,0.08567415730337079
70,A-bin/B-base,"(.25,.5]",57,,,0.20942982456140352,0.3059210526315789,0.06798245614035088
70,A-bin/B-base,"(.5,.75]",56,,,0.1796875,0.24776785714285715,0.017857142857142856
70,A-bin/B-base,"(.75,1)",20,,,0.096875,0.140625,0.0
70,A-bin/B-base,1,1,,,0.1875,0.1875,0.0625
70,B-bin/A-base,0,37,,,0.048986486486486486,0.2939189189189189,0.02195945945945946
70,B-bin/A-base,"(0,.25]",86,,,0.16787790697674418,0.34011627906976744,0.0872093023255814
70,B-bin/A-base,"(.25,.5]",59,,,0.17266949152542374,0.2902542372881356,0.057203389830508475
70,B-bin/A-base,"(.5,.75]",55,,,0.1784090909090909,0.23068181818181818,0.020454545454545454
70,B-bin/A-base,"(.75,1)",19,,,0.10855263157894737,0.11513157894736842,0.01644736842105263
75,A-bin/B-base,0,33,,,0.08333333333333333,0.2537878787878788,0.03409090909090909
75,A-bin/B-base,"(0,.25]",89,,,0.15519662921348315,0.33707865168539325,0.07443820224719101
75,A-bin/B-base,"(.25,.5]",57,,,0.18530701754385964,0.26535087719298245,0.05263157894736842
75,A-bin/B-base,"(.5,.75]",56,,,0.21540178571428573,0.25892857142857145,0.03125
75,A-bin/B-base,"(.75,1)",20,,,0.109375,0.159375,0.0
75,A-bin/B-base,1,1,,,0.0625,0.125,0.0
75,B-bin/A-base,0,37,,,0.048986486486486486,0.30405405405405406,0.010135135135135136
75,B-bin/A-base,"(0,.25]",86,,,0.15334302325581395,0.3175872093023256,0.07122093023255814
75,B-bin/A-base,"(.25,.5]",59,,,0.17690677966101695,0.274364406779661,0.057203389830508475
75,B-bin/A-base,"(.5,.75]",55,,,0.2,0.2318181818181818,0.03295454545454545
75,B-bin/A-base,"(.75,1)",19,,,0.125,0.13157894736842105,0.019736842105263157
80,A-bin/B-base,0,33,,,0.08712121212121213,0.3352272727272727,0.032196969696969696
80,A-bin/B-base,"(0,.25]",89,,,0.17485955056179775,0.33707865168539325,0.10112359550561797
80,A-bin/B-base,"(.25,.5]",57,,,0.2149122807017544,0.30701754385964913,0.08552631578947369
80,A-bin/B-base,"(.5,.75]",56,,,0.22544642857142858,0.27120535714285715,0.04352678571428571
80,A-bin/B-base,"(.75,1)",20,,,0.128125,0.15,0.034375
80,A-bin/B-base,1,1,,,0.1875,0.1875,0.0625
80,B-bin/A-base,0,37,,,0.06418918918918919,0.31925675675675674,0.03209459459459459
80,B-bin/A-base,"(0,.25]",86,,,0.17296511627906977,0.345203488372093,0.09156976744186046
80,B-bin/A-base,"(.25,.5]",59,,,0.19597457627118645,0.2976694915254237,0.07733050847457627
80,B-bin/A-base,"(.5,.75]",55,,,0.22386363636363638,0.25795454545454544,0.0625
80,B-bin/A-base,"(.75,1)",19,,,0.12171052631578948,0.125,0.03289473684210526
85,A-bin/B-base,0,33,,,0.056818181818181816,0.2689393939393939,0.015151515151515152
85,A-bin/B-base,"(0,.25]",89,,,0.15941011235955055,0.34480337078651685,0.08426966292134831
85,A-bin/B-base,"(.25,.5]",57,,,0.20394736842105263,0.3092105263157895,0.05921052631578947
85,A-bin/B-base,"(.5,.75]",56,,,0.1875,0.24553571428571427,0.03236607142857143
85,A-bin/B-base,"(.75,1)",20,,,0.11875,0.15625,0.01875
85,A-bin/B-base,1,1,,,0.1875,0.1875,0.0625
85,B-bin/A-base,0,37,,,0.02533783783783784,0.2922297297297297,-0.006756756756756757
85,B-bin/A-base,"(0,.25]",86,,,0.15479651162790697,0.3444767441860465,0.07630813953488372
85,B-bin/A-base,"(.25,.5]",59,,,0.1896186440677966,0.2786016949152542,0.06991525423728813
85,B-bin/A-base,"(.5,.75]",55,,,0.19545454545454546,0.25113636363636366,0.042045454545454546
85,B-bin/A-base,"(.75,1)",19,,,0.10197368421052631,0.11842105263157894,0.023026315789473683
90,A-bin/B-base,0,33,,,0.08143939393939394,0.26136363636363635,0.030303030303030304
90,A-bin/B-base,"(0,.25]",89,,,0.18679775280898878,0.34058988764044945,0.11095505617977527
90,A-bin/B-base,"(.25,.5]",57,,,0.19956140350877194,0.2741228070175439,0.07017543859649122
90,A-bin/B-base,"(.5,.75]",56,,,0.18526785714285715,0.25558035714285715,0.013392857142857142
90,A-bin/B-base,"(.75,1)",20,,,0.125,0.15625,0.01875
90,A-bin/B-base,1,1,,,0.1875,0.1875,0.0625
90,B-bin/A-base,0,37,,,0.02702702702702703,0.2533783783783784,-0.0016891891891891893
90,B-bin/A-base,"(0,.25]",86,,,0.19912790697674418,0.35319767441860467,0.11264534883720931
90,B-bin/A-base,"(.25,.5]",59,,,0.1885593220338983,0.2775423728813559,0.07309322033898305
90,B-bin/A-base,"(.5,.75]",55,,,0.17613636363636365,0.22386363636363638,0.02727272727272727
90,B-bin/A-base,"(.75,1)",19,,,0.11513157894736842,0.12828947368421054,0.009868421052631578
95,A-bin/B-base,0,33,,,0.06818181818181818,0.2784090909090909,0.026515151515151516
95,A-bin/B-base,"(0,.25]",89,,,0.16432584269662923,0.3455056179775281,0.09410112359550561
95,A-bin/B-base,"(.25,.5]",57,,,0.18640350877192982,0.28399122807017546,0.0537280701754386
95,A-bin/B-base,"(.5,.75]",56,,,0.18973214285714285,0.25,0.017857142857142856
95,A-bin/B-base,"(.75,1)",20,,,0.096875,0.13125,0.00625
95,A-bin/B-base,1,1,,,0.125,0.125,0.0625
95,B-bin/A-base,0,37,,,0.04054054054054054,0.2922297297297297,0.010135135135135136
95,B-bin/A-base,"(0,.25]",86,,,0.16279069767441862,0.345203488372093,0.08357558139534883
95,B-bin/A-base,"(.25,.5]",59,,,0.15995762711864406,0.2733050847457627,0.05190677966101695
95,B-bin/A-base,"(.5,.75]",55,,,0.18863636363636363,0.23295454545454544,0.03977272727272727
95,B-bin/A-base,"(.75,1)",19,,,0.11842105263157894,0.1118421052631579,0.013157894736842105
100,A-bin/B-base,0,33,,,0.06628787878787878,0.2821969696969697,0.015151515151515152
100,A-bin/B-base,"(0,.25]",89,,,0.18469101123595505,0.33497191011235955,0.10463483146067416
100,A-bin/B-base,"(.25,.5]",57,,,0.20614035087719298,0.3256578947368421,0.05701754385964912
100,A-bin/B-base,"(.5,.75]",56,,,0.19977678571428573,0.25892857142857145,0.03571428571428571
100,A-bin/B-base,"(.75,1)",20,,,0.10625,0.140625,0.015625
100,A-bin/B-base,1,1,,,0.1875,0.1875,0.0625
100,B-bin/A-base,0,37,,,0.033783783783783786,0.30574324324324326,-0.005067567567567568
100,B-bin/A-base,"(0,.25]",86,,,0.1744186046511628,0.34375,0.08648255813953488
100,B-bin/A-base,"(.25,.5]",59,,,0.20127118644067796,0.2902542372881356,0.07838983050847458
100,B-bin/A-base,"(.5,.75]",55,,,0.2,0.2431818181818182,0.05113636363636364
100,B-bin/A-base,"(.75,1)",19,,,0.1118421052631579,0.13157894736842105,0.01644736842105263
5,symmetric,0,,33,37,0.002073095823095823,-0.018043611793611795,-0.00982800982800983
5,symmetric,"(0,.25]",,89,86,0.026232198850274367,0.021414456493336814,0.017282629997386986
5,symmetric,"(.25,.5]",,57,59,0.006235132322331251,0.006820547130538209,0.00497137972048766
5,symmetric,"(.5,.75]",,56,55,0.025801542207792207,0.030306412337662337,-0.007903814935064936
5,symmetric,"(.75,1)",,20,19,-0.036513157894736845,-0.02738486842105263,-0.02055921052631579
10,symmetric,0,,33,37,0.007985257985257985,0.025926494676494678,-0.010544635544635545
10,symmetric,"(0,.25]",,89,86,0.03287905016984583,0.060152371309119414,0.02028351188920826
10,symmetric,"(.25,.5]",,57,59,0.0517488105857865,0.06131987808504312,0.005556794528694618
10,symmetric,"(.5,.75]",,56,55,0.05984172077922078,0.06931818181818182,0.008005275974025974
10,symmetric,"(.75,1)",,20,19,0.008141447368421052,0.026973684210526316,-0.0030427631578947368
15,symmetric,0,,33,37,0.04013104013104013,0.07273751023751024,0.01568898443898444
15,symmetric,"(0,.25]",,89,86,0.06701561275150249,0.13390057486281684,0.05477119806637053
15,symmetric,"(.25,.5]",,57,59,0.0834541332143919,0.12713722866488253,0.015248661909009812
15,symmetric,"(.5,.75]",,56,55,0.11309862012987013,0.146875,-0.001156655844155844
15,symmetric,"(.75,1)",,20,19,0.043421052631578944,0.057236842105263155,-0.002960526315789474
20,symmetric,0,,33,37,0.021268427518427516,0.12182637182637182,-0.0014844389844389846
20,symmetric,"(0,.25]",,89,86,0.09627319048863339,0.1869079892866475,0.06196514894172982
20,symmetric,"(.25,.5]",,57,59,0.10879423134106453,0.1590562741599762,0.032699598572702944
20,symmetric,"(.5,.75]",,56,55,0.12615665584415584,0.1660815746753247,0.01190137987012987
20,symmetric,"(.75,1)",,20,19,0.08141447368421054,0.10682565789473683,-0.004934210526315789
25,symmetric,0,,33,37,0.052671990171990174,0.18634828009828008,0.022752866502866502
25,symmetric,"(0,.25]",,89,86,0.10670074470864907,0.2278506336556049,0.06208763391690619
25,symmetric,"(.25,.5]",,57,59,0.13473832887303006,0.20370576865893547,0.03768956289027654
25,symmetric,"(.5,.75]",,56,55,0.15876623376623378,0.19249188311688312,0.028196022727272726
25,symmetric,"(.75,1)",,20,19,0.0897203947368421,0.11990131578947369,0.006414473684210526
30,symmetric,0,,33,37,0.039184070434070434,0.19878685503685503,0.014946764946764947
30,symmetric,"(0,.25]",,89,86,0.12530212960543508,0.27544421217663967,0.061687516331330024
30,symmetric,"(.25,.5]",,57,59,0.16548654475170976,0.2313317722271781,0.05210191793041927
30,symmetric,"(.5,.75]",,56,55,0.1671875,0.19756493506493505,0.029819399350649353
30,symmetric,"(.75,1)",,20,19,0.11077302631578947,0.12154605263157894,0.014884868421052631
35,symmetric,0,,33,37,0.03908169533169534,0.2053132678132678,0.014946764946764947
35,symmetric,"(0,.25]",,89,86,0.1367585576169323,0.2647880193362947,0.08318362947478443
35,symmetric,"(.25,.5]",,57,59,0.16503122212310437,0.25296424323520666,0.04417558727326791
35,symmetric,"(.5,.75]",,56,55,0.18016436688311688,0.22181412337662337,0.02594358766233766
35,symmetric,"(.75,1)",,20,19,0.1138157894736842,0.12450657894736841,0.022615131578947366
40,symmetric,0,,33,37,0.055308149058149056,0.22957616707616707,0.032862407862407864
40,symmetric,"(0,.25]",,89,86,0.13639518552390906,0.3132267441860465,0.0710127057747583
40,symmetric,"(.25,.5]",,57,59,0.17624702646446627,0.2586975914362176,0.06509255129348795
40,symmetric,"(.5,.75]",,56,55,0.18065137987012986,0.2273538961038961,0.030976055194805195
40,symmetric,"(.75,1)",,20,19,0.12220394736842105,0.14564144736842105,0.021052631578947368
45,symmetric,0,,33,37,0.04381654381654382,0.24621212121212122,0.0030456592956592957
45,symmetric,"(0,.25]",,89,86,0.16851074601515548,0.3171258492291612,0.10093578521034753
45,symmetric,"(.25,.5]",,57,59,0.1778731787094856,0.26459820101100207,0.052120502527505205
45,symmetric,"(.5,.75]",,56,55,0.18977272727272726,0.23025568181818182,0.03892045454545455
45,symmetric,"(.75,1)",,20,19,0.11208881578947369,0.140625,0.009539473684210526
50,symmetric,0,,33,37,0.06267915642915643,0.2609797297297297,0.03887694512694513
50,symmetric,"(0,.25]",,89,86,0.1614147831199373,0.34065521296054346,0.08813610530441598
50,symmetric,"(.25,.5]",,57,59,0.1956679304192685,0.2839447665774606,0.06189600059470711
50,symmetric,"(.5,.75]",,56,55,0.19645900974025976,0.23864650974025975,0.03494318181818182
50,symmetric,"(.75,1)",,20,19,0.11398026315789474,0.1359375,0.020970394736842105
55,symmetric,0,,33,37,0.06152743652743653,0.2705773955773956,0.03455159705159705
55,symmetric,"(0,.25]",,89,86,0.16891086360073165,0.32210282205382806,0.09675904755683304
55,symmetric,"(.25,.5]",,57,59,0.20206103181683022,0.27647375854891465,0.08010890573892357
55,symmetric,"(.5,.75]",,56,55,0.18515625,0.23527800324675324,0.026410308441558443
55,symmetric,"(.75,1)",,20,19,0.12820723684210528,0.13577302631578947,0.033799342105263155
60,symmetric,0,,33,37,0.05192977067977068,0.24610974610974612,0.02021908271908272
60,symmetric,"(0,.25]",,89,86,0.15469444081526001,0.3365642147896525,0.08175463809772668
60,symmetric,"(.25,.5]",,57,59,0.1882155069878085,0.2917502973535534,0.06036277133511746
60,symmetric,"(.5,.75]",,56,55,0.1947747564935065,0.24485592532467532,0.030458603896103893
60,symmetric,"(.75,1)",,20,19,0.13314144736842104,0.1455592105263158,0.030592105263157896
65,symmetric,0,,33,37,0.06953828828828829,0.26161957411957415,0.03908169533169534
65,symmetric,"(0,.25]",,89,86,0.18042853409981707,0.35223412594721715,0.09751028873791481
65,symmetric,"(.25,.5]",,57,59,0.22051553672316382,0.3067108980077312,0.08729185251263752
65,symmetric,"(.5,.75]",,56,55,0.20711241883116882,0.24703733766233765,0.03886972402597402
65,symmetric,"(.75,1)",,20,19,0.09942434210526316,0.12458881578947369,0.011348684210526316
70,symmetric,0,,33,37,0.069000819000819,0.2823761261261261,0.02613124488124488
70,symmetric,"(0,.25]",,89,86,0.16188839169061928,0.3396508361640972,0.08644172981447609
70,symmetric,"(.25,.5]",,57,59,0.19104965804341362,0.2980876449598573,0.06259292298542968
70,symmetric,"(.5,.75]",,56,55,0.17904829545454545,0.23922483766233765,0.019155844155844155
70,symmetric,"(.75,1)",,20,19,0.1027138157894737,0.1278782894736842,0.008223684210526315
75,symmetric,0,,33,37,0.06615990990990991,0.2789209664209664,0.022113022113022112
75,symmetric,"(0,.25]",,89,86,0.15426982623464855,0.3273329304938594,0.07282956623987458
75,symmetric,"(.25,.5]",,57,59,0.18110689860243828,0.26985764198632173,0.054917484388938446
75,symmetric,"(.5,.75]",,56,55,0.20770089285714288,0.24537337662337663,0.03210227272727273
75,symmetric,"(.75,1)",,20,19,0.1171875,0.14547697368421053,0.009868421052631578
80,symmetric,0,,33,37,0.07565520065520065,0.32724201474201475,0.03214578214578215
80,symmetric,"(0,.25]",,89,86,0.17391233342043377,0.34114107002874317,0.09634668147373922
80,symmetric,"(.25,.5]",,57,59,0.2054434284864704,0.3023435176925364,0.08142841213202498
80,symmetric,"(.5,.75]",,56,55,0.2246550324675325,0.26457995129870127,0.053013392857142856
80,symmetric,"(.75,1)",,20,19,0.12491776315789474,0.1375,0.033634868421052636
85,symmetric,0,,33,37,0.041078009828009826,0.2805845618345618,0.004197379197379197
85,symmetric,"(0,.25]",,89,86,0.15710331199372876,0.3446400574862817,0.08028890122811602
85,symmetric,"(.25,.5]",,57,59,0.19678300624442463,0.29390611061552185,0.0645628902765388
85,symmetric,"(.5,.75]",,56,55,0.19147727272727272,0.24833603896103895,0.03720576298701299
85,symmetric,"(.75,1)",,20,19,0.11036184210526315,0.13733552631578946,0.02088815789473684
90,symmetric,0,,33,37,0.05423321048321048,0.2573710073710074,0.014306920556920557
90,symmetric,"(0,.25]",,89,86,0.19296282989286648,0.34689378102952706,0.11180020250849229
90,symmetric,"(.25,.5]",,57,59,0.19406036277133512,0.2758325899494499,0.07163432946773714
90,symmetric,"(.5,.75]",,56,55,0.1807021103896104,0.23972199675324676,0.020332792207792206
90,symmetric,"(.75,1)",,20,19,0.12006578947368421,0.14226973684210525,0.014309210526315789
95,symmetric,0,,33,37,0.05436117936117936,0.2853194103194103,0.018325143325143324
95,symmetric,"(0,.25]",,89,86,0.16355827018552394,0.34535455317481056,0.08883835249542722
95,symmetric,"(.25,.5]",,57,59,0.17318056794528694,0.2786481564079691,0.05281742491822777
95,symmetric,"(.5,.75]",,56,55,0.18918425324675325,0.2414772727272727,0.028814935064935064
95,symmetric,"(.75,1)",,20,19,0.10764802631578947,0.12154605263157894,0.009703947368421052
100,symmetric,0,,33,37,0.050035831285831285,0.29397010647010646,0.005041973791973792
100,symmetric,"(0,.25]",,89,86,0.17955480794355894,0.3393609550561798,0.09555869480010452
100,symmetric,"(.25,.5]",,57,59,0.20370576865893547,0.3079560660124888,0.06770368718406185
100,symmetric,"(.5,.75]",,56,55,0.19988839285714288,0.25105519480519484,0.04342532467532467
100,symmetric,"(.75,1)",,20,19,0.10904605263157895,0.1361019736842105,0.016036184210526314
