snapshot_pct,bin,grpo_signal,maxrl_signal,maxrl_over_grpo_signal,maxrl_minus_grpo_signal,grpo_is_proxy,maxrl_is_proxy,maxrl_over_grpo_is_proxy,grpo_actual_is_ess_fraction,maxrl_actual_is_ess_fraction,grpo_delta_R,maxrl_delta_R,maxrl_minus_grpo_delta_R,grpo_delta_T,maxrl_delta_T,maxrl_minus_grpo_delta_T,grpo_delta_C,maxrl_delta_C,maxrl_minus_grpo_delta_C
5,"(.25,.5]",0.8862768184419122,1.1008028566855035,1.2420530851982918,0.2145260382435913,1290.0945514914097,1676.8045225812998,1.2997532007579098,0.9981535975473602,0.9980683604624775,0.015620353850728515,0.006235132322331251,-0.009385221528397264,0.01775758251561106,0.006820547130538209,-0.010937035385072853,0.008000669045495094,0.00497137972048766,-0.0030292893250074343
5,"(.5,.75]",0.6216993480533748,0.611038963743425,0.9828528301608666,-0.010660384309949755,923.5376592812747,897.0077336668327,0.971273585491805,0.9977362210971501,0.9978021010460127,0.025872564935064936,0.025801542207792207,-7.10227272727286e-05,0.03535917207792208,0.030306412337662337,-0.005052759740259743,-0.004484577922077922,-0.007903814935064936,-0.0034192370129870137
5,"(.75,1)",0.7695829181294692,0.5131579023834907,0.6668000163397085,-0.25642501574597854,1088.1739287697087,749.2960304164121,0.6885811271581993,0.9982848635439431,0.9981395258732847,0.0,-0.036513157894736845,-0.036513157894736845,0.013980263157894737,-0.02738486842105263,-0.04136513157894737,-0.01768092105263158,-0.02055921052631579,-0.0028782894736842125
5,"(0,.25]",0.384597005764023,1.3434805357334725,3.4932163162960013,0.9588835299694495,656.8525542411817,1908.5650395380417,2.9056217064465564,0.9978039483772381,0.9978416413087394,0.019156650117585577,0.026232198850274367,0.007075548732688789,0.026873203553697413,0.021414456493336814,-0.005458747060360598,0.010656192840344917,0.017282629997386986,0.006626437157042069
5,0,0.31859501218766484,0.7567567632005021,2.3752938189589203,0.4381617510128373,545.0314063037224,1125.484905527943,2.064990920726427,0.9980348395537926,0.9980252584762963,0.0033527846027846028,0.002073095823095823,-0.0012796887796887799,0.0017915642915642916,-0.018043611793611795,-0.019835176085176088,-0.012976044226044228,-0.00982800982800983,0.003148034398034398
10,"(.25,.5]",2.086588929340558,2.5628902831696663,1.2282679387068527,0.4763013538291081,3087.594998622545,3954.7145920492258,1.2808398102126493,0.9980561993935139,0.9980179912130024,0.028889756170086232,0.0517488105857865,0.02285905441570027,0.0628159381504609,0.06131987808504312,-0.0014960600654177758,-0.0018770443056794536,0.005556794528694618,0.0074338388343740715
10,"(.5,.75]",1.3752574586829582,1.2600649383306117,0.9162393051387899,-0.1151925203523465,2039.490482576242,1822.7637429854312,0.8937348610143814,0.9978949972561468,0.9979371136346158,0.03946834415584416,0.05984172077922078,0.02037337662337662,0.07320413961038962,0.06931818181818182,-0.003885957792207795,-0.014549512987012986,0.008005275974025974,0.02255478896103896
10,"(.75,1)",1.071842615894581,0.6631579027560197,0.6187082813483162,-0.40868471313856136,1508.4516354298585,890.0760430955032,0.5900593841988585,0.9983052583230247,0.9981821971399178,-0.004769736842105263,0.008141447368421052,0.012911184210526314,0.017351973684210528,0.026973684210526316,0.009621710526315788,-0.002878289473684211,-0.0030427631578947368,-0.00016447368421052596
10,"(0,.25]",0.9765759505475582,2.4017507212106572,2.459358864882977,1.425174770663099,1576.5615561509076,3596.2686190907402,2.281083542256886,0.9978758779531779,0.9978904118779895,0.04464985628429579,0.03287905016984583,-0.011770806114449958,0.07484240266527306,0.060152371309119414,-0.014690031356153647,0.04652795923700026,0.02028351188920826,-0.026244447347792
10,0,0.6719285624618905,1.108108120995599,1.649145732003984,0.4361795585337085,1056.9535324632404,1602.4841673990716,1.516134927582357,0.9979646976347867,0.9979172658004618,0.017890049140049137,0.007985257985257985,-0.009904791154791152,0.044456388206388205,0.025926494676494678,-0.018529893529893527,0.01335995085995086,-0.010544635544635545,-0.023904586404586405
15,"(.25,.5]",2.5703868033708366,3.3107344782023675,1.2880296747013447,0.740347674831531,3822.94970483459,5124.436253830141,1.340440405833658,0.9980456307937232,0.9980436172338951,0.0859816384180791,0.0834541332143919,-0.0025275052036871914,0.13611358905738924,0.12713722866488253,-0.00897636039250671,0.030729631281593818,0.015248661909009812,-0.015480969372584006
15,"(.5,.75]",2.081054859037523,1.6746753330596469,0.8047242607694521,-0.40637952597787597,3048.6711053099516,2434.423641417983,0.798519603238894,0.9979257883131323,0.9979432731432607,0.10088271103896104,0.11309862012987013,0.012215909090909083,0.13123985389610388,0.146875,0.01563514610389613,-0.003825081168831169,-0.001156655844155844,0.0026684253246753247
15,"(.75,1)",2.351993204319948,1.3289473831849663,0.5650302818664888,-1.0230458211349815,3343.870842706281,1841.690541203161,0.5507660516315377,0.9981500509577641,0.9980230774605403,0.04621710526315789,0.043421052631578944,-0.002796052631578949,0.044243421052631585,0.057236842105263155,0.01299342105263157,0.00625,-0.002960526315789474,-0.009210526315789475
15,"(0,.25]",1.5392384734058275,3.5519989588365313,2.307633950298246,2.0127604854307037,2363.5017986391695,5345.648328846164,2.2617492112441044,0.9978514943444723,0.9978769792430287,0.06999608048079436,0.06701561275150249,-0.0029804677292918774,0.1358031748105566,0.13390057486281684,-0.0019025999477397526,0.03780702900444212,0.05477119806637053,0.016964169061928408
15,0,0.8868303308835486,1.5626535755410536,1.762066001942201,0.675823244657505,1375.5693804059554,2211.2190378048826,1.6074936453967243,0.9979420032133279,0.997899415080157,0.020526208026208026,0.04013104013104013,0.019604832104832104,0.09602784602784603,0.07273751023751024,-0.023290335790335792,-0.00012796887796887816,0.01568898443898444,0.015816953316953316
20,"(.25,.5]",3.063035391769592,3.828724371247745,1.2499771897953145,0.7656889794781527,4455.394682731774,5845.010370412687,1.311895081499017,0.9980406066980579,0.9980419023011334,0.12040031222123104,0.10879423134106453,-0.011606080880166514,0.18076308355634851,0.1590562741599762,-0.021706809396372317,0.03844223907225691,0.032699598572702944,-0.005742640499553968
20,"(.5,.75]",2.487257873056481,1.9967532588773733,0.8027930197779017,-0.4905046141791076,3434.512926414996,2829.0241200367664,0.8237046069265346,0.997942071926353,0.9979573793727714,0.15595576298701297,0.12615665584415584,-0.029799107142857134,0.19697646103896105,0.1660815746753247,-0.030894886363636354,0.023762175324675325,0.01190137987012987,-0.011860795454545455
20,"(.75,1)",4.750538078989638,1.9500000270769786,0.41047982242291847,-2.800538051912659,6173.898461975694,2649.146349598086,0.42908809821118105,0.9981627541255862,0.9980205707540701,0.08182565789473684,0.08141447368421054,-0.0004111842105262997,0.10230263157894737,0.10682565789473683,0.0045230263157894635,0.009621710526315788,-0.004934210526315789,-0.014555921052631577
20,"(0,.25]",2.283469004029428,4.916514255170695,2.153089990052404,2.6330452511412665,3565.271693242816,7409.122679395163,2.0781369042470215,0.9979280946809366,0.9979293002608649,0.10458175463809773,0.09627319048863339,-0.008308564149464334,0.2018511562581657,0.1869079892866475,-0.01494316697151818,0.0470709759602822,0.06196514894172982,0.014894172981447615
20,0,1.4233515767729936,2.6953317064129845,1.8936514002561542,1.2719801296399909,2235.724809987701,4411.239247351669,1.9730689696894923,0.9979481491158256,0.9979230432218431,0.051852989352989355,0.021268427518427516,-0.03058456183456184,0.1819461506961507,0.12182637182637182,-0.06011977886977887,0.01771089271089271,-0.0014844389844389846,-0.019195331695331698
25,"(.25,.5]",4.608205218529404,5.212013100065931,1.131028861108147,0.6038078815365271,6383.428398833845,7608.259932975801,1.191876756127744,0.9980544766426729,0.9980594155756093,0.17581028843294677,0.13473832887303006,-0.041071959559916715,0.2576754385964912,0.20370576865893547,-0.05396966993755575,0.056125483199524234,0.03768956289027654,-0.01843592030924769
25,"(.5,.75]",3.2606230909222518,2.3032467705983812,0.7063824018822484,-0.9573763203238705,4343.43791263606,3184.1715827332664,0.7330993666260956,0.9979651431367439,0.997990713394893,0.17625811688311688,0.15876623376623378,-0.0174918831168831,0.23530844155844155,0.19249188311688312,-0.04281655844155843,0.019216720779220778,0.028196022727272726,0.008979301948051948
25,"(.75,1)",4.750538078989638,1.9500000270769786,0.41047982242291847,-2.800538051912659,6173.898461975694,2649.146349598086,0.42908809821118105,0.9981627541255862,0.9980205707540701,0.1040296052631579,0.0897203947368421,-0.0143092105263158,0.13421052631578947,0.11990131578947369,-0.014309210526315785,0.012828947368421053,0.006414473684210526,-0.006414473684210526
25,"(0,.25]",2.8191594867946383,5.750457288049549,2.039777215508929,2.9312978012549102,4345.576625645503,8583.352877715344,1.9751930795698147,0.9979321423209145,0.9979570860035423,0.14286239221322183,0.10670074470864907,-0.036161647504572764,0.24801574340214266,0.2278506336556049,-0.020165109746537763,0.09005095374967337,0.06208763391690619,-0.027963319832767175
25,0,1.7395641788791476,4.736281747363026,2.7226829598289104,2.996717568483878,2679.3995066968528,7781.536561432458,2.9042091490960558,0.9979492699176284,0.9979342846827022,0.042971949221949225,0.052671990171990174,0.009700040950040949,0.16482391482391484,0.18634828009828008,0.021524365274365242,0.02231777231777232,0.022752866502866502,0.0004350941850941835
30,"(.25,.5]",5.150071545442831,5.609574804940449,1.0892226943729006,0.45950325949761783,7147.8374275927745,8151.0802488557965,1.1403561330858207,0.9980670032902018,0.9980767262387462,0.17752936366339578,0.16548654475170976,-0.012042818911686015,0.27503345227475473,0.2313317722271781,-0.04370168004757663,0.058755203687184065,0.05210191793041927,-0.0066532857567647985
30,"(.5,.75]",4.058201072147334,2.7740259958431124,0.6835605103162815,-1.2841750763042215,5358.12164271499,3781.354683590055,0.7057239338213347,0.9979792695217804,0.998007762497807,0.18243709415584414,0.1671875,-0.015249594155844148,0.23136160714285714,0.19756493506493505,-0.033796672077922085,0.02258522727272727,0.029819399350649353,0.0072341720779220825
30,"(.75,1)",5.391351435960908,2.560526351964003,0.4749321913769172,-2.8308250839969045,6769.426362753993,3525.9733502930085,0.5208673765465917,0.9981175052794323,0.9979985299548098,0.1069078947368421,0.11077302631578947,0.00386513157894737,0.11324013157894736,0.12154605263157894,0.008305921052631587,0.018832236842105263,0.014884868421052631,-0.003947368421052632
30,"(0,.25]",3.3350929968499052,6.629344147990446,1.9877539109860083,3.294251151140541,5115.021421119885,9942.457357797524,1.9437762893318866,0.9979577976140335,0.9979815445628701,0.136566664489156,0.12530212960543508,-0.011264534883720922,0.28797850796968905,0.27544421217663967,-0.012534295793049377,0.0672483342043376,0.061687516331330024,-0.005560817873007572
30,0,1.9544659473008057,5.4242424353237135,2.7753066983923693,3.469776488022908,3015.1371631931984,8695.337915061908,2.8838946437358954,0.9979944035069093,0.9979748293512045,0.04834664209664209,0.039184070434070434,-0.009162571662571659,0.26750614250614246,0.19878685503685503,-0.06871928746928743,0.005553849303849303,0.014946764946764947,0.009392915642915644
35,"(.25,.5]",5.684226883435192,6.423431487741249,1.1300448802387226,0.7392046043060567,7797.488625696535,9064.344421751128,1.1624697202993903,0.9980665189467943,0.9980754272042542,0.1844335414808207,0.16503122212310437,-0.01940231935771633,0.2733143770443057,0.25296424323520666,-0.020350133809099058,0.054973238180196254,0.04417558727326791,-0.010797650906928344
35,"(.5,.75]",4.433805511122594,2.9178571657410686,0.6580931794192068,-1.515948345381525,5798.766359994159,3920.278533477362,0.6760538863099342,0.9979830330601518,0.998016332993801,0.1919744318181818,0.18016436688311688,-0.011810064935064923,0.2538961038961039,0.22181412337662337,-0.032081980519480524,0.02990056818181818,0.02594358766233766,-0.00395698051948052
35,"(.75,1)",6.170723903237989,2.665789512211555,0.43200596137719344,-3.504934391026434,7430.887899191583,3628.2344600524098,0.48826392071492974,0.9981131119825624,0.998020154436909,0.09646381578947369,0.1138157894736842,0.017351973684210514,0.14407894736842106,0.12450657894736841,-0.019572368421052644,-0.004523026315789474,0.022615131578947366,0.02713815789473684
35,"(0,.25]",4.052611670648347,7.863208797345873,1.940281832156866,3.810597126697526,6075.434734478549,11569.000396684456,1.9042259364633627,0.9979604007748579,0.9979830350351399,0.15110971387509797,0.1367585576169323,-0.01435115625816566,0.2985612098249281,0.2647880193362947,-0.03377319048863342,0.08246913378625556,0.08318362947478443,0.0007144956885288684
35,0,2.3494199546119603,6.689598700679979,2.847340547843802,4.340178746068019,3619.4574900965085,10301.433646409841,2.8461264359635194,0.9979885092738896,0.9979779474018997,0.04507063882063882,0.03908169533169534,-0.0059889434889434795,0.24421580671580673,0.2053132678132678,-0.03890253890253892,0.01957923832923833,0.014946764946764947,-0.004632473382473383
40,"(.25,.5]",6.310732143139896,6.971156734032731,1.1046510255724848,0.660424590892835,8468.361223345126,9744.398313678645,1.150682883816506,0.9980673005687395,0.998075533740757,0.2099223163841808,0.17624702646446627,-0.033675289919714524,0.29929564377044304,0.2586975914362176,-0.04059805233422542,0.0873847754980672,0.06509255129348795,-0.022292224204579242
40,"(.5,.75]",4.755624435672706,3.0610389865257526,0.6436670994379635,-1.6945854491469534,6083.4753260600555,4073.947726585221,0.6696744061956607,0.9980042349485121,0.9980338492636494,0.20493100649350648,0.18065137987012986,-0.024279626623376627,0.24879261363636362,0.2273538961038961,-0.02143871753246751,0.03603896103896104,0.030976055194805195,-0.005062905844155842
40,"(.75,1)",6.358148945554307,3.0236842511221766,0.47556046217450954,-3.33446469443213,7547.032096907213,3982.005123933417,0.5276253065844585,0.9981275832628007,0.9980405047402916,0.10748355263157894,0.12220394736842105,0.014720394736842113,0.13766447368421053,0.14564144736842105,0.00797697368421052,0.004851973684210526,0.021052631578947368,0.01620065789473684
40,"(0,.25]",5.183713788065893,9.846093569625474,1.8994284739048397,4.662379781559581,7591.672904865845,14268.193970001827,1.8794532046891401,0.9979552728591568,0.9979745885469642,0.16337862555526522,0.13639518552390906,-0.026983440031356165,0.34192905670237783,0.3132267441860465,-0.02870231251633132,0.07973363600731644,0.0710127057747583,-0.008720930232558141
40,0,3.122659350758347,8.167895175754584,2.6156856250653746,5.045235824996237,4691.229136367292,12147.287685274156,2.5893614087417074,0.9979637232930763,0.9979686503086875,0.06562244062244063,0.055308149058149056,-0.010314291564291575,0.28025184275184273,0.22957616707616707,-0.05067567567567566,0.0238022113022113,0.032862407862407864,0.009060196560196562
45,"(.25,.5]",7.575947173278742,8.145703274011169,1.0752059231276088,0.5697561007324268,9817.027575199147,11173.654343561924,1.138191194633092,0.9980720365734412,0.9980697808972903,0.20116897115670532,0.1778731787094856,-0.023295792447219715,0.29642432352066606,0.26459820101100207,-0.03182612250966399,0.07603887897710378,0.052120502527505205,-0.023918376449598572
45,"(.5,.75]",5.6058301127866486,3.6025974353533483,0.6426519111123229,-2.0032326774333002,6890.456470809036,4567.18795496477,0.6628280686937593,0.9980233338365552,0.9980492778544057,0.21455965909090907,0.18977272727272726,-0.024786931818181812,0.2538352272727273,0.23025568181818182,-0.023579545454545464,0.051897321428571425,0.03892045454545455,-0.012976866883116875
45,"(.75,1)",6.358148945554307,3.0236842511221766,0.47556046217450954,-3.33446469443213,7547.032096907213,3982.005123933417,0.5276253065844585,0.9981275832628007,0.9980405047402916,0.1328947368421053,0.11208881578947369,-0.0208059210526316,0.15838815789473684,0.140625,-0.017763157894736842,0.020723684210526318,0.009539473684210526,-0.011184210526315791
45,"(0,.25]",6.087467840511322,11.789521858777519,1.9366873333309056,5.702054018266197,8892.88849435145,16822.725444888965,1.891705429071146,0.9979772913048095,0.9979823147193447,0.17325908021949307,0.16851074601515548,-0.004748334204337595,0.3614000849229161,0.3171258492291612,-0.04427423569375488,0.09893928011497256,0.10093578521034753,0.0019965050953749675
45,0,3.122659350758347,8.167895175754584,2.6156856250653746,5.045235824996237,4691.229136367292,12147.287685274156,2.5893614087417074,0.9979637232930763,0.9979686503086875,0.06467547092547093,0.04381654381654382,-0.020858927108927117,0.2900798525798526,0.24621212121212122,-0.043867731367731366,0.021268427518427516,0.0030456592956592957,-0.01822276822276822
50,"(.25,.5]",7.639481085928342,8.162652426995525,1.068482575607242,0.523171341067183,9887.344303727448,11184.283707829522,1.1311716639232576,0.9980706494700586,0.9980662394150008,0.20860280999107939,0.1956679304192685,-0.012934879571810887,0.3061626523936961,0.2839447665774606,-0.022217885816235516,0.07103033006244425,0.06189600059470711,-0.009134329467737137
50,"(.5,.75]",6.327474603485074,3.8727273102450583,0.6120494435666357,-2.4547472932400156,7677.328467971308,4870.28306339642,0.6343721105218475,0.9980488060152808,0.9980678273478645,0.2166903409090909,0.19645900974025976,-0.020231331168831135,0.26001420454545454,0.23864650974025975,-0.021367694805194792,0.046154626623376625,0.03494318181818182,-0.011211444805194808
50,"(.75,1)",6.555438463782009,3.2289474136049026,0.49256009822141417,-3.3264910501771063,7664.188163722458,4144.542086228463,0.5407672668902064,0.9981215919173491,0.9980312923608269,0.10583881578947368,0.11398026315789474,0.008141447368421054,0.1408717105263158,0.1359375,-0.004934210526315819,-0.003289473684210526,0.020970394736842105,0.02425986842105263
50,"(0,.25]",6.880106033152346,13.07224986322374,1.9000070348093547,6.1921438300713945,9804.296643601658,18241.61919421789,1.8605739766271228,0.9979746798942846,0.9979693536567634,0.18866360726417558,0.1614147831199373,-0.027248824144238293,0.36082032270708125,0.34065521296054346,-0.02016510974653779,0.10647210608831983,0.08813610530441598,-0.01833600078390385
50,0,3.5551127461223793,9.334152342011752,2.625557333503042,5.7790395958893725,5318.502379142563,13777.628602050256,2.590509060611054,0.9979577814893161,0.9979585092381045,0.06109234234234234,0.06267915642915643,0.0015868140868140895,0.2480036855036855,0.2609797297297297,0.012976044226044203,0.03296478296478297,0.03887694512694513,0.005912162162162164
55,"(.25,.5]",8.294713963451235,8.802259923668133,1.0611890852961638,0.5075459602168984,10809.910220975573,12049.522840567337,1.1146737201560117,0.9980630334931526,0.99806481489752,0.20735764198632173,0.20206103181683022,-0.005296610169491511,0.2971862920011894,0.27647375854891465,-0.02071253345227475,0.07687518584597086,0.08010890573892357,0.003233719892952708
55,"(.5,.75]",6.924715448707923,4.197727315824528,0.6061949183208356,-2.7269881328833954,8304.46540545963,5175.833021001889,0.623259026113725,0.9980519683928669,0.9980663481639778,0.19928977272727272,0.18515625,-0.014133522727272724,0.2605215097402597,0.23527800324675324,-0.025243506493506485,0.03720576298701299,0.026410308441558443,-0.010795454545454546
55,"(.75,1)",6.873606566692654,3.2815789939247466,0.47741734445876655,-3.5920275727679076,7933.541428777235,4182.817935213903,0.527232128648326,0.9981284786390613,0.9980401007724081,0.12171052631578946,0.12820723684210528,0.006496710526315813,0.1615953947368421,0.13577302631578947,-0.02582236842105262,0.009539473684210526,0.033799342105263155,0.024259868421052627
55,"(0,.25]",6.966439879260644,13.184609412446108,1.8925892767261496,6.218169533185463,9911.695991179875,18383.297516278646,1.8547075629274141,0.9979731639353597,0.9979696652830561,0.16806163443950875,0.16891086360073165,0.000849229161222903,0.35666399921609615,0.32210282205382806,-0.034561177162268086,0.08373889469558402,0.09675904755683304,0.013020152861249024
55,0,3.762780646220716,9.604422609060148,2.5524800704783828,5.841641962839432,5576.841350344217,14118.422403763969,2.531616289011439,0.9979547994208993,0.997959277665329,0.07386363636363635,0.06152743652743653,-0.012336199836199824,0.32263513513513514,0.2705773955773956,-0.05205773955773957,0.0411036036036036,0.03455159705159705,-0.006552006552006551
60,"(.25,.5]",9.102392055696846,9.423728853214888,1.0353024562721322,0.32133679751804145,11776.806186359358,12794.16302479719,1.086386480539707,0.998058706205136,0.9980711955822323,0.20812890276538804,0.1882155069878085,-0.01991339577757953,0.30406259292298543,0.2917502973535534,-0.01231229556943203,0.0722754980672019,0.06036277133511746,-0.011912726732084447
60,"(.5,.75]",7.615242576654758,4.522727320940755,0.5939045638290762,-3.0925152557140034,9087.678416906903,5596.838922185934,0.615871146119504,0.9980577928217096,0.9980830352600568,0.19981737012987014,0.1947747564935065,-0.00504261363636363,0.2527090097402597,0.24485592532467532,-0.00785308441558441,0.03606939935064935,0.030458603896103893,-0.005610795454545459
60,"(.75,1)",6.873606566692654,3.2815789939247466,0.47741734445876655,-3.5920275727679076,7933.541428777235,4182.817935213903,0.527232128648326,0.9981284786390613,0.9980401007724081,0.12976973684210527,0.13314144736842104,0.0033717105263157687,0.15024671052631577,0.1455592105263158,-0.004687499999999983,0.02582236842105263,0.030592105263157896,0.004769736842105268
60,"(0,.25]",7.548644580427865,13.835249602890043,1.832812428175794,6.286605022462178,10671.794712676881,19243.59224759816,1.8032198674829227,0.9979703872464589,0.9979706356433811,0.16543637313822837,0.15469444081526001,-0.010741932322968356,0.3587380781290828,0.3365642147896525,-0.022173863339430333,0.08037464071073949,0.08175463809772668,0.0013799973869871862
60,0,4.160046637137585,10.373464378101918,2.493593289434759,6.213417740964333,6089.625240104468,15158.764632120898,2.4892770957874,0.9979475402539215,0.9979522524137134,0.060887592137592136,0.05192977067977068,-0.008957821457821459,0.2894144144144144,0.24610974610974612,-0.04330466830466828,0.013897420147420148,0.02021908271908272,0.006321662571662572
65,"(.25,.5]",9.707860125502926,10.07671725848225,1.0379957197786895,0.36885713297932377,12413.171711298071,13621.744521486846,1.097362127770195,0.9980645992445055,0.998071063177654,0.2303839577757954,0.22051553672316382,-0.009868421052631582,0.32145777579542073,0.3067108980077312,-0.014746877787689516,0.09754125780553077,0.08729185251263752,-0.010249405292893254
65,"(.5,.75]",8.224867552051974,4.993181873146783,0.6070835598928355,-3.2316856789051904,9799.668489912514,6164.53356339652,0.6290553164877063,0.9980638805956343,0.9980936873012114,0.2246550324675325,0.20711241883116882,-0.01754261363636367,0.2702211850649351,0.24703733766233765,-0.023183847402597435,0.04789975649350649,0.03886972402597402,-0.009030032467532464
65,"(.75,1)",7.232566751147571,3.581578999885211,0.49520165151838136,-3.65098775126236,8253.087739925006,4475.566056896385,0.5422898917268816,0.9981317996450907,0.9980495075235692,0.12023026315789473,0.09942434210526316,-0.02080592105263157,0.15361842105263157,0.12458881578947369,-0.029029605263157884,0.019243421052631576,0.011348684210526316,-0.00789473684210526
65,"(0,.25]",7.969638162458265,14.495557945191486,1.8188476879005855,6.5259197827332205,11151.695712459925,20029.884414998676,1.7961290310870879,0.9979671328126063,0.997969353978953,0.2022390253462242,0.18042853409981707,-0.021810491246407132,0.3683164031878756,0.35223412594721715,-0.01608227724065847,0.11464593676509015,0.09751028873791481,-0.017135648027175335
65,0,4.160046637137585,10.373464378101918,2.493593289434759,6.213417740964333,6089.625240104468,15158.764632120898,2.4892770957874,0.9979596390025691,0.9979617620676225,0.09377559377559377,0.06953828828828829,-0.02423730548730549,0.3164158476658476,0.26161957411957415,-0.05479627354627348,0.05331183456183456,0.03908169533169534,-0.014230139230139223
70,"(.25,.5]",10.444669200997515,10.764793380703903,1.0306495278640146,0.3201241797063883,13307.17125300464,14449.870006994135,1.0858708986503411,0.998065711119595,0.9980782730082063,0.23191718703538505,0.19104965804341362,-0.040867528991971436,0.31801962533452277,0.2980876449598573,-0.01993198037466548,0.08851843592030925,0.06259292298542968,-0.025925512934879574
70,"(.5,.75]",8.71974855202988,5.172402655841275,0.5931825470629178,-3.547345896188606,10385.784502925388,6373.2722988057685,0.6136534314774772,0.9980756770222823,0.9981013095209246,0.21783685064935066,0.17904829545454545,-0.0387885551948052,0.2622362012987013,0.23922483766233765,-0.023011363636363635,0.04002637987012987,0.019155844155844155,-0.020870535714285716
70,"(.75,1)",7.232566751147571,3.581578999885211,0.49520165151838136,-3.65098775126236,8253.087739925006,4475.566056896385,0.5422898917268816,0.9981233849371653,0.9980459453492133,0.1296875,0.1027138157894737,-0.026973684210526316,0.146875,0.1278782894736842,-0.018996710526315796,0.016036184210526314,0.008223684210526315,-0.007812499999999998
70,"(0,.25]",8.586713349067505,15.405800967941342,1.7941440853635078,6.819087618873837,11824.842898040595,21130.52834181227,1.7869605984628896,0.9979833271609031,0.9979805617212265,0.1733938136921871,0.16188839169061928,-0.011505422001567817,0.3486983929971257,0.3396508361640972,-0.009047556833028492,0.09012444473477921,0.08644172981447609,-0.003682714920303115
70,0,4.424741091235655,10.968058979140258,2.4788024322745885,6.543317887904603,6514.262076825431,16106.743689226934,2.4725354152586028,0.9979617609609834,0.9979598177372289,0.0691031941031941,0.069000819000819,-0.00010237510237509628,0.31367731367731366,0.2823761261261261,-0.03130118755118755,0.03222256347256347,0.02613124488124488,-0.00609131859131859
75,"(.25,.5]",11.148920604270678,11.345227520968272,1.0176077060430762,0.19630691669759415,14206.164195066336,15143.754146898267,1.0659988114284606,0.9980661625222325,0.9980791633976163,0.21720747844186739,0.18110689860243828,-0.0361005798394291,0.3100003716919417,0.26985764198632173,-0.040142729705619995,0.10013380909901873,0.054917484388938446,-0.04521632471008028
75,"(.5,.75]",9.42296680480774,5.710389673304683,0.6060076185762595,-3.712577131503056,11246.544752855425,6976.881821636094,0.6203578054375064,0.998080681133843,0.9981070216790172,0.21110998376623377,0.20770089285714288,-0.0034090909090908894,0.2628754058441558,0.24537337662337663,-0.017502029220779175,0.05461647727272727,0.03210227272727273,-0.02251420454545454
75,"(.75,1)",7.5021444315973085,3.7394737404526066,0.4984539786654603,-3.762670691144702,8485.180371767101,4620.399756234485,0.5445258148675339,0.9981248491172926,0.9980475734404464,0.1379111842105263,0.1171875,-0.02072368421052631,0.15682565789473685,0.14547697368421053,-0.011348684210526316,0.03536184210526316,0.009868421052631578,-0.02549342105263158
75,"(0,.25]",9.048281689662401,16.138228457529117,1.7835683073358481,7.089946767866715,12425.496610207621,22154.032453837826,1.7829494585864805,0.9979892854540509,0.9979820137408901,0.1750269466945388,0.15426982623464855,-0.020757120459890255,0.3740568656911419,0.3273329304938594,-0.04672393519728246,0.09929040371047818,0.07282956623987458,-0.0264608374706036
75,0,5.042076590837855,12.04668307504529,2.3892304803413276,7.004606484207436,7385.505114436648,17423.925934366867,2.3592057231546484,0.9979632006420998,0.9979566927828637,0.08458742833742834,0.06615990990990991,-0.018427518427518427,0.33156736281736277,0.2789209664209664,-0.052646396396396344,0.03570331695331695,0.022113022113022112,-0.01359029484029484
80,"(.25,.5]",11.283722574509948,11.468034539557827,1.0163343226342911,0.18431196504787906,14338.102365556304,15253.157723069875,1.0638198371153886,0.9980700037237487,0.9980799646398727,0.2050438596491228,0.2054434284864704,0.00039956883734759696,0.31440492120130836,0.3023435176925364,-0.01206140350877194,0.06204467737139459,0.08142841213202498,0.01938373476063039
80,"(.5,.75]",10.033850835861227,6.179220847781845,0.6158374236237556,-3.854629988079382,12042.124728892457,7561.261491484038,0.6279009445353474,0.9980920959669484,0.9981181860302085,0.19989853896103896,0.2246550324675325,0.024756493506493532,0.25844155844155847,0.26457995129870127,0.006138392857142794,0.024807224025974024,0.053013392857142856,0.028206168831168832
80,"(.75,1)",7.886858992141328,3.8394737426877805,0.4868191185506844,-4.047385249453548,8707.883457667058,4718.990888533089,0.5419216864206128,0.9981348521199539,0.9980693435976377,0.10592105263157894,0.12491776315789474,0.018996710526315796,0.1356907894736842,0.1375,0.001809210526315802,0.008305921052631579,0.033634868421052636,0.025328947368421055
80,"(0,.25]",10.065655302348821,17.76587413913717,1.7649992579212903,7.70021883678835,13677.64079744327,24282.213308490067,1.7753217581959813,0.9980001683631248,0.997995258741153,0.17225470342304677,0.17391233342043377,0.0016576299973870001,0.37152550953749675,0.34114107002874317,-0.03038443950875358,0.0907532009406846,0.09634668147373922,0.005593480533054612
80,0,5.256978359259513,12.501228529590744,2.3780254882676823,7.244250170331231,7738.52416725649,18241.15987969866,2.357188461965562,0.9979582218726717,0.9979518462556647,0.070254914004914,0.07565520065520065,0.005400286650286648,0.3069205569205569,0.32724201474201475,0.020321457821457833,0.034756347256347256,0.03214578214578215,-0.002610565110565108
85,"(.25,.5]",11.473207429073554,11.711269745137404,1.020749412710921,0.23806231606384998,14555.239021492313,15586.31888662199,1.0708390884963952,0.9980719991473721,0.998079822755165,0.21638975617008624,0.19678300624442463,-0.01960674992566161,0.3054657300029735,0.29390611061552185,-0.011559619387451647,0.0863812072554267,0.0645628902765388,-0.02181831697888789
85,"(.5,.75]",10.359519393016377,6.250649420274785,0.6033725294716386,-4.1088699727415925,12374.10218519412,7656.601167341783,0.6187601373215643,0.9980972059408341,0.9981223957770274,0.21007508116883117,0.19147727272727272,-0.01859780844155845,0.2538656655844156,0.24833603896103895,-0.005529626623376638,0.046245941558441556,0.03720576298701299,-0.009040178571428567
85,"(.75,1)",7.886858992141328,3.8394737426877805,0.4868191185506844,-4.047385249453548,8707.883457667058,4718.990888533089,0.5419216864206128,0.9981348521199539,0.9980693435976377,0.11027960526315789,0.11036184210526315,8.223684210525994e-05,0.12763157894736843,0.13733552631578946,0.009703947368421034,0.017598684210526315,0.02088815789473684,0.003289473684210526
85,"(0,.25]",10.313278737666558,18.110791825122114,1.756065387719734,7.797513087455556,13987.044671394671,24757.225713574582,1.7700111993069083,0.997992677893345,0.9979905334511578,0.16510974653775803,0.15710331199372876,-0.008006434544029273,0.3539407499346747,0.3446400574862817,-0.009300692448393044,0.0818893715704207,0.08028890122811602,-0.0016004703423046773
85,0,5.256978359259513,12.501228529590744,2.3780254882676823,7.244250170331231,7738.52416725649,18241.15987969866,2.357188461965562,0.9979529951302997,0.9979476901487888,0.06014537264537265,0.041078009828009826,-0.01906736281736282,0.2857289107289107,0.2805845618345618,-0.0051443488943488935,0.023264742014742015,0.004197379197379197,-0.019067362817362817
90,"(.25,.5]",11.816581646521602,11.9854297242846,1.0142890797706037,0.16884807776299837,14973.662343188716,15935.543472537704,1.0642382008691769,0.9980772083896672,0.9980849721503239,0.22639756170086234,0.19406036277133512,-0.03233719892952722,0.3097030181385667,0.2758325899494499,-0.033870428189116786,0.09160347903657448,0.07163432946773714,-0.019969149568837344
90,"(.5,.75]",10.46943201038551,6.287013057451212,0.6005113793388787,-4.182418952934299,12491.745250353564,7706.990760354098,0.6169666932757824,0.9981018501893097,0.9981267207565205,0.21399147727272727,0.1807021103896104,-0.03328936688311687,0.2667816558441558,0.23972199675324676,-0.027059659090909044,0.03895089285714286,0.020332792207792206,-0.01861810064935065
90,"(.75,1)",8.575178627532564,4.044736905170507,0.4716796093534376,-4.530441722362057,9264.170387440721,4946.7883008985245,0.5339699178681776,0.9981401832505765,0.9980897459518614,0.12779605263157895,0.12006578947368421,-0.00773026315789474,0.15016447368421054,0.14226973684210525,-0.007894736842105288,0.015789473684210527,0.014309210526315789,-0.001480263157894738
90,"(0,.25]",11.077412188560285,19.346616238901728,1.7464924036031721,8.269204050341443,14950.804786171488,26348.865472442976,1.7623710461937103,0.998007120592571,0.9979994077339895,0.18815325320094067,0.19296282989286648,0.004809576691925804,0.36710380193362946,0.34689378102952706,-0.0202100209041024,0.10670074470864907,0.11180020250849229,0.005099457799843221
90,0,5.717140610025467,12.92547095383317,2.26082789203528,7.208330343807702,8449.276881044792,18877.518151012995,2.2342170125070755,0.9979460527109243,0.9979448008822573,0.05679258804258804,0.05423321048321048,-0.0025593775593775597,0.28183865683865683,0.2573710073710074,-0.024467649467649455,0.025184275184275184,0.014306920556920557,-0.010877354627354627
95,"(.25,.5]",13.038262149557767,13.038358662831325,1.000007402311171,9.651327355797434e-05,16473.081670429616,17327.882565946376,1.0518907702042897,0.9980947667093427,0.9980960260561454,0.22378642581028843,0.17318056794528694,-0.05060585786500149,0.31542707404103476,0.2786481564079691,-0.03677891763306568,0.07969075230449005,0.05281742491822777,-0.026873327386262275
95,"(.5,.75]",10.881051326165725,6.48506500831406,0.5959961784868516,-4.395986317851665,13006.033681241213,7927.225859970659,0.6095037160640456,0.9981063664791052,0.9981291050146122,0.22351866883116883,0.18918425324675325,-0.03433441558441558,0.2656960227272727,0.2414772727272727,-0.02421875000000001,0.05014204545454545,0.028814935064935064,-0.02132711038961039
95,"(.75,1)",8.831277423959813,4.144736907405681,0.46932473168159666,-4.686540516554132,9606.125631273648,5021.520385361472,0.5227414858091631,0.9981403527511057,0.9980895523007216,0.14136513157894737,0.10764802631578947,-0.033717105263157895,0.1730263157894737,0.12154605263157894,-0.05148026315789475,0.021052631578947368,0.009703947368421052,-0.011348684210526316
95,"(0,.25]",11.733071202952985,20.299582005731775,1.7301166637958156,8.56651080277879,15861.901371668519,27752.443369520945,1.7496290463065498,0.9980141596894682,0.9980053702761917,0.1953594525738176,0.16355827018552394,-0.03180118238829366,0.38227969035798276,0.34535455317481056,-0.036925137183172196,0.10208714397700548,0.08883835249542722,-0.01324879148157826
95,0,5.900328305640687,13.380016408378623,2.267673206520964,7.479688102737936,8648.046173811017,19611.92206268214,2.2677864651177697,0.9979522163207836,0.9979467936585334,0.08502252252252251,0.05436117936117936,-0.030661343161343155,0.28677825552825553,0.2853194103194103,-0.0014588452088452053,0.047092547092547093,0.018325143325143324,-0.02876740376740377
100,"(.25,.5]",13.792311536018033,13.6241451714652,0.9878072385391183,-0.1681663645528335,17317.87830904834,18110.766938770925,1.0457843978097658,0.9981058952211985,0.9981066901419924,0.2157114183764496,0.20370576865893547,-0.012005649717514139,0.31107827832292595,0.3079560660124888,-0.0031222123104371335,0.0867807760927743,0.06770368718406185,-0.01907708890871246
100,"(.5,.75]",11.65904019601498,6.900649429629134,0.5918711415016609,-4.758390766385846,13842.703700424076,8453.877570948152,0.6107099995710495,0.9981056199285205,0.9981245641436172,0.22241274350649348,0.19988839285714288,-0.0225243506493506,0.2696428571428572,0.25105519480519484,-0.018587662337662347,0.04962459415584415,0.04342532467532467,-0.006199269480519479
100,"(.75,1)",9.403114802174663,4.352631645943774,0.46289253481592485,-5.050483156230889,10349.39021280228,5295.834296020748,0.511704959145299,0.9981416329483055,0.9980876351845355,0.12508223684210526,0.10904605263157895,-0.016036184210526314,0.1504111842105263,0.1361019736842105,-0.014309210526315785,0.017598684210526315,0.016036184210526314,-0.0015625000000000014
100,"(0,.25]",11.94500214876259,20.551084490819523,1.7204755792319766,8.606082342056933,16124.450612323126,28075.475850292096,1.7411741041791147,0.9980177505633715,0.9980082841381106,0.185707636529919,0.17955480794355894,-0.006152828586360071,0.37894809903318527,0.3393609550561798,-0.03958714397700547,0.09993140841390123,0.09555869480010452,-0.004372713613796708
100,0,6.219190766267558,13.713349745324358,2.205005483945689,7.4941589790568,9001.813369821966,19981.254056390397,2.2196921037461563,0.9979598190808432,0.9979531710632044,0.08133701883701883,0.050035831285831285,-0.03130118755118754,0.33696764946764945,0.29397010647010646,-0.04299754299754299,0.052160114660114665,0.005041973791973792,-0.047118140868140874
