direction,bin,dataset_index,exposure_step,baseline_p0,baseline_p0_completion_length,prompt_token_count
A-bin/B-base,"(.75,1)",0,595,0.875,1030.75,71
B-bin/A-base,"(.75,1)",0,595,0.8125,1172.3125,71
A-bin/B-base,"(0,.25]",1,2096,0.3125,1645.75,63
B-bin/A-base,"(.25,.5]",1,2096,0.25,1879.5625,63
A-bin/B-base,"(0,.25]",2,1399,0.4375,1460.5,93
B-bin/A-base,"(.25,.5]",2,1399,0.125,1825.5625,93
A-bin/B-base,"(.5,.75]",3,2059,0.6875,1083.4375,86
B-bin/A-base,"(.5,.75]",3,2059,0.5625,1172.25,86
A-bin/B-base,"(0,.25]",4,1217,0.375,1507.125,58
B-bin/A-base,"(.25,.5]",4,1217,0.125,1654.0,58
A-bin/B-base,"(.25,.5]",5,2667,0.625,1427.4375,97
B-bin/A-base,"(.5,.75]",5,2667,0.375,1634.625,97
A-bin/B-base,"(.5,.75]",6,1939,0.625,1401.1875,89
B-bin/A-base,"(.5,.75]",6,1939,0.6875,1305.875,89
A-bin/B-base,0,7,2767,0.0,1893.0,138
B-bin/A-base,0,7,2767,0.0,2048.0,138
A-bin/B-base,"(0,.25]",8,2957,0.125,1784.875,142
B-bin/A-base,"(0,.25]",8,2957,0.1875,1672.875,142
A-bin/B-base,"(0,.25]",9,383,0.0,1866.375,100
B-bin/A-base,0,9,383,0.1875,1572.0625,100
A-bin/B-base,0,10,3352,0.0625,1940.875,108
B-bin/A-base,"(0,.25]",10,3352,0.0,2048.0,108
A-bin/B-base,0,11,2995,0.0625,2035.8125,131
B-bin/A-base,"(0,.25]",11,2995,0.0,2048.0,131
A-bin/B-base,"(.25,.5]",12,364,0.625,1292.3125,72
B-bin/A-base,"(.5,.75]",12,364,0.4375,1645.625,72
A-bin/B-base,"(0,.25]",13,2544,0.0625,1785.625,100
B-bin/A-base,"(0,.25]",13,2544,0.1875,1532.6875,100
A-bin/B-base,"(0,.25]",14,1373,0.1875,1726.4375,62
B-bin/A-base,"(0,.25]",14,1373,0.25,1774.9375,62
A-bin/B-base,0,15,175,0.0,1529.0625,102
B-bin/A-base,0,15,175,0.0,2048.0,102
A-bin/B-base,"(0,.25]",16,2651,0.125,1822.25,88
B-bin/A-base,"(0,.25]",16,2651,0.125,1954.625,88
A-bin/B-base,"(0,.25]",17,2342,0.0625,1853.25,112
B-bin/A-base,"(0,.25]",17,2342,0.125,1746.8125,112
A-bin/B-base,"(0,.25]",18,120,0.0,1827.125,96
B-bin/A-base,0,18,120,0.1875,1855.0625,96
A-bin/B-base,"(0,.25]",19,1169,0.1875,1857.5625,96
B-bin/A-base,"(0,.25]",19,1169,0.25,1682.4375,96
A-bin/B-base,"(.75,1)",20,3184,0.875,1112.375,105
B-bin/A-base,"(.75,1)",20,3184,0.8125,1204.5,105
A-bin/B-base,"(0,.25]",21,3351,0.125,1961.875,83
B-bin/A-base,"(0,.25]",21,3351,0.125,1898.875,83
A-bin/B-base,0,22,1803,0.0,1864.125,91
B-bin/A-base,0,22,1803,0.0,1954.3125,91
A-bin/B-base,"(.5,.75]",23,731,0.5,1621.5625,89
B-bin/A-base,"(.25,.5]",23,731,0.5625,1362.3125,89
A-bin/B-base,"(.5,.75]",24,2313,0.5625,1407.875,113
B-bin/A-base,"(.5,.75]",24,2313,0.625,1240.75,113
A-bin/B-base,"(.25,.5]",25,56,0.3125,1633.5,126
B-bin/A-base,"(.25,.5]",25,56,0.375,1810.6875,126
A-bin/B-base,"(.5,.75]",26,3693,0.625,1271.6875,87
B-bin/A-base,"(.5,.75]",26,3693,0.6875,1458.375,87
A-bin/B-base,"(0,.25]",27,878,0.0625,1834.3125,119
B-bin/A-base,"(0,.25]",27,878,0.0625,1859.6875,119
A-bin/B-base,"(.5,.75]",28,3730,0.5625,1603.25,85
B-bin/A-base,"(.5,.75]",28,3730,0.5625,1536.3125,85
A-bin/B-base,"(0,.25]",29,3359,0.1875,1770.3125,87
B-bin/A-base,"(0,.25]",29,3359,0.125,1885.6875,87
A-bin/B-base,"(0,.25]",30,1559,0.0625,1941.375,87
B-bin/A-base,"(0,.25]",30,1559,0.0625,1867.8125,87
A-bin/B-base,"(.25,.5]",31,855,0.125,1845.8125,96
B-bin/A-base,"(0,.25]",31,855,0.375,1534.75,96
A-bin/B-base,"(0,.25]",32,1729,0.25,1870.875,147
B-bin/A-base,"(0,.25]",32,1729,0.0625,1888.4375,147
A-bin/B-base,"(.5,.75]",33,1041,0.375,1641.75,100
B-bin/A-base,"(.25,.5]",33,1041,0.75,1288.125,100
A-bin/B-base,"(.5,.75]",34,2508,0.625,1442.875,75
B-bin/A-base,"(.5,.75]",34,2508,0.625,1314.5625,75
A-bin/B-base,"(.5,.75]",35,1065,0.5625,1403.75,81
B-bin/A-base,"(.5,.75]",35,1065,0.625,1163.4375,81
A-bin/B-base,"(.5,.75]",36,3571,0.8125,1162.4375,79
B-bin/A-base,"(.75,1)",36,3571,0.75,1131.8125,79
A-bin/B-base,"(.25,.5]",37,2128,0.6875,1380.4375,112
B-bin/A-base,"(.5,.75]",37,2128,0.5,1404.5,112
A-bin/B-base,"(0,.25]",38,2222,0.0,1821.75,103
B-bin/A-base,0,38,2222,0.125,1872.625,103
A-bin/B-base,"(.25,.5]",39,2399,0.4375,1700.625,106
B-bin/A-base,"(.25,.5]",39,2399,0.5,1625.3125,106
A-bin/B-base,0,40,2176,0.125,1762.75,75
B-bin/A-base,"(0,.25]",40,2176,0.0,2048.0,75
A-bin/B-base,"(.75,1)",41,1097,0.75,1156.125,102
B-bin/A-base,"(.5,.75]",41,1097,0.8125,1124.875,102
A-bin/B-base,0,42,124,0.0625,1877.3125,98
B-bin/A-base,"(0,.25]",42,124,0.0,1959.375,98
A-bin/B-base,0,43,3568,0.0625,1643.6875,86
B-bin/A-base,"(0,.25]",43,3568,0.0,1732.0,86
A-bin/B-base,"(.5,.75]",44,1681,0.75,1112.875,100
B-bin/A-base,"(.5,.75]",44,1681,0.625,1358.1875,100
A-bin/B-base,"(.5,.75]",45,1410,0.5,1503.1875,115
B-bin/A-base,"(.25,.5]",45,1410,0.625,1377.9375,115
A-bin/B-base,"(.25,.5]",46,1204,0.375,1342.4375,75
B-bin/A-base,"(.25,.5]",46,1204,0.5,1503.1875,75
A-bin/B-base,"(.25,.5]",47,1093,0.75,1556.6875,87
B-bin/A-base,"(.5,.75]",47,1093,0.5,1485.625,87
A-bin/B-base,"(.5,.75]",48,817,0.6875,1172.625,81
B-bin/A-base,"(.5,.75]",48,817,0.6875,1375.8125,81
A-bin/B-base,"(.5,.75]",49,2630,0.875,930.3125,88
B-bin/A-base,"(.75,1)",49,2630,0.6875,1306.75,88
A-bin/B-base,0,50,1370,0.0,1970.125,106
B-bin/A-base,0,50,1370,0.0,1680.9375,106
A-bin/B-base,"(.5,.75]",51,3474,0.5,1554.0,95
B-bin/A-base,"(.25,.5]",51,3474,0.625,1560.125,95
A-bin/B-base,"(.5,.75]",52,689,0.5,1294.3125,81
B-bin/A-base,"(.25,.5]",52,689,0.6875,1408.875,81
A-bin/B-base,"(.5,.75]",53,2253,0.75,1220.5,92
B-bin/A-base,"(.5,.75]",53,2253,0.75,1056.4375,92
A-bin/B-base,"(0,.25]",54,1788,0.1875,1640.125,100
B-bin/A-base,"(0,.25]",54,1788,0.1875,1457.625,100
A-bin/B-base,"(.5,.75]",55,1296,0.8125,1173.25,67
B-bin/A-base,"(.75,1)",55,1296,0.75,1243.0,67
A-bin/B-base,"(.5,.75]",56,757,0.6875,1353.0625,93
B-bin/A-base,"(.5,.75]",56,757,0.6875,1217.875,93
A-bin/B-base,"(0,.25]",57,764,0.3125,1567.875,92
B-bin/A-base,"(.25,.5]",57,764,0.1875,1696.5,92
A-bin/B-base,"(.25,.5]",58,1873,0.5625,1430.4375,107
B-bin/A-base,"(.5,.75]",58,1873,0.375,1602.875,107
A-bin/B-base,"(.25,.5]",59,809,0.3125,1553.375,121
B-bin/A-base,"(.25,.5]",59,809,0.3125,1537.375,121
A-bin/B-base,"(0,.25]",60,481,0.125,1797.375,89
B-bin/A-base,"(0,.25]",60,481,0.25,1812.75,89
A-bin/B-base,"(.25,.5]",61,576,0.125,1842.875,132
B-bin/A-base,"(0,.25]",61,576,0.5,1564.125,132
A-bin/B-base,"(.25,.5]",62,302,0.4375,1501.375,72
B-bin/A-base,"(.25,.5]",62,302,0.375,1399.4375,72
A-bin/B-base,0,63,797,0.0,2008.375,119
B-bin/A-base,0,63,797,0.0,2048.0,119
A-bin/B-base,"(.25,.5]",64,3703,0.5,1495.125,89
B-bin/A-base,"(.25,.5]",64,3703,0.4375,1600.125,89
A-bin/B-base,"(.25,.5]",65,1501,0.375,1678.0625,78
B-bin/A-base,"(.25,.5]",65,1501,0.4375,1411.6875,78
A-bin/B-base,"(0,.25]",66,39,0.0,1903.375,103
B-bin/A-base,0,66,39,0.125,1926.9375,103
A-bin/B-base,"(0,.25]",67,1330,0.0625,1993.375,113
B-bin/A-base,"(0,.25]",67,1330,0.1875,1881.1875,113
A-bin/B-base,"(.25,.5]",68,3495,0.25,1842.5625,89
B-bin/A-base,"(0,.25]",68,3495,0.4375,1749.4375,89
A-bin/B-base,"(.5,.75]",69,3105,0.5625,1369.5625,67
B-bin/A-base,"(.5,.75]",69,3105,0.625,1351.75,67
A-bin/B-base,"(.5,.75]",70,2025,0.9375,821.875,67
B-bin/A-base,"(.75,1)",70,2025,0.75,1077.5,67
A-bin/B-base,"(.5,.75]",71,736,0.75,858.5,100
B-bin/A-base,"(.5,.75]",71,736,0.75,899.9375,100
A-bin/B-base,"(0,.25]",72,199,0.25,1594.4375,117
B-bin/A-base,"(0,.25]",72,199,0.25,1688.6875,117
A-bin/B-base,"(.25,.5]",73,568,0.8125,1218.875,102
B-bin/A-base,"(.75,1)",73,568,0.5,1351.4375,102
A-bin/B-base,"(.25,.5]",74,994,0.6875,1433.5,89
B-bin/A-base,"(.5,.75]",74,994,0.4375,1423.6875,89
A-bin/B-base,"(.25,.5]",75,819,0.3125,1765.875,88
B-bin/A-base,"(.25,.5]",75,819,0.5,1507.5,88
A-bin/B-base,"(0,.25]",76,2871,0.0625,1876.0625,67
B-bin/A-base,"(0,.25]",76,2871,0.0625,1902.375,67
A-bin/B-base,"(0,.25]",77,1542,0.5,1306.5,81
B-bin/A-base,"(.25,.5]",77,1542,0.1875,1744.625,81
A-bin/B-base,"(0,.25]",78,2244,0.125,1331.9375,92
B-bin/A-base,"(0,.25]",78,2244,0.1875,1515.4375,92
A-bin/B-base,"(.75,1)",79,2577,0.75,1011.0625,61
B-bin/A-base,"(.5,.75]",79,2577,0.9375,671.5,61
A-bin/B-base,"(0,.25]",80,251,0.1875,1815.3125,91
B-bin/A-base,"(0,.25]",80,251,0.0625,1800.6875,91
A-bin/B-base,"(0,.25]",81,2717,0.0625,1754.125,131
B-bin/A-base,"(0,.25]",81,2717,0.25,1773.9375,131
A-bin/B-base,"(.25,.5]",82,123,0.375,1516.8125,77
B-bin/A-base,"(.25,.5]",82,123,0.375,1556.3125,77
A-bin/B-base,"(.25,.5]",83,3463,0.375,1629.75,95
B-bin/A-base,"(.25,.5]",83,3463,0.375,1643.6875,95
A-bin/B-base,"(.25,.5]",84,2997,0.125,1834.625,90
B-bin/A-base,"(0,.25]",84,2997,0.3125,1757.375,90
A-bin/B-base,"(.25,.5]",85,390,0.4375,1584.875,95
B-bin/A-base,"(.25,.5]",85,390,0.3125,1810.6875,95
A-bin/B-base,"(.25,.5]",86,367,0.625,1425.25,73
B-bin/A-base,"(.5,.75]",86,367,0.5,1348.125,73
A-bin/B-base,"(0,.25]",87,2892,0.25,1394.1875,83
B-bin/A-base,"(0,.25]",87,2892,0.25,1666.25,83
A-bin/B-base,"(.25,.5]",88,2531,0.5,1156.75,66
B-bin/A-base,"(.25,.5]",88,2531,0.4375,1386.1875,66
A-bin/B-base,"(0,.25]",89,1105,0.1875,1820.0,92
B-bin/A-base,"(0,.25]",89,1105,0.125,1921.0,92
A-bin/B-base,"(0,.25]",90,847,0.0625,1830.625,82
B-bin/A-base,"(0,.25]",90,847,0.0625,1744.5,82
A-bin/B-base,"(0,.25]",91,3041,0.125,1928.5625,108
B-bin/A-base,"(0,.25]",91,3041,0.125,1938.6875,108
A-bin/B-base,"(0,.25]",92,3214,0.3125,1770.1875,101
B-bin/A-base,"(.25,.5]",92,3214,0.125,1737.6875,101
A-bin/B-base,"(.5,.75]",93,2614,0.375,1637.5,78
B-bin/A-base,"(.25,.5]",93,2614,0.75,1292.1875,78
A-bin/B-base,"(.5,.75]",94,2192,0.5625,1430.5,62
B-bin/A-base,"(.5,.75]",94,2192,0.5625,1469.5625,62
A-bin/B-base,"(0,.25]",95,610,0.0,1839.625,92
B-bin/A-base,0,95,610,0.125,1845.875,92
A-bin/B-base,"(.75,1)",96,2987,0.6875,1254.4375,98
B-bin/A-base,"(.5,.75]",96,2987,0.8125,1279.3125,98
A-bin/B-base,0,97,315,0.0,1943.5625,135
B-bin/A-base,0,97,315,0.0,1900.375,135
A-bin/B-base,"(.25,.5]",98,2219,0.375,1332.1875,113
B-bin/A-base,"(.25,.5]",98,2219,0.3125,1704.625,113
A-bin/B-base,0,99,2965,0.0,1956.1875,123
B-bin/A-base,0,99,2965,0.0,2048.0,123
A-bin/B-base,"(.25,.5]",100,2174,0.25,1596.0,83
B-bin/A-base,"(0,.25]",100,2174,0.375,1725.4375,83
A-bin/B-base,"(0,.25]",101,2112,0.3125,1613.0625,136
B-bin/A-base,"(.25,.5]",101,2112,0.25,1615.3125,136
A-bin/B-base,"(0,.25]",102,2739,0.375,1595.75,97
B-bin/A-base,"(.25,.5]",102,2739,0.1875,1837.875,97
A-bin/B-base,0,103,824,0.0,2048.0,131
B-bin/A-base,0,103,824,0.0,1974.1875,131
A-bin/B-base,"(.5,.75]",104,1749,0.4375,1691.5625,72
B-bin/A-base,"(.25,.5]",104,1749,0.75,1237.375,72
A-bin/B-base,"(.5,.75]",105,1613,0.5625,1454.6875,61
B-bin/A-base,"(.5,.75]",105,1613,0.5625,1228.375,61
A-bin/B-base,"(.5,.75]",106,492,0.8125,1186.1875,70
B-bin/A-base,"(.75,1)",106,492,0.75,1110.0625,70
A-bin/B-base,"(0,.25]",107,2541,0.125,1691.0625,121
B-bin/A-base,"(0,.25]",107,2541,0.125,1855.0625,121
A-bin/B-base,"(.25,.5]",108,2893,0.1875,1713.25,86
B-bin/A-base,"(0,.25]",108,2893,0.3125,1395.4375,86
A-bin/B-base,"(.25,.5]",109,2397,0.625,1327.4375,75
B-bin/A-base,"(.5,.75]",109,2397,0.5,1525.0625,75
A-bin/B-base,"(.5,.75]",110,3389,0.4375,1443.3125,98
B-bin/A-base,"(.25,.5]",110,3389,0.5625,1244.375,98
A-bin/B-base,"(.75,1)",111,3703,0.625,1245.375,83
B-bin/A-base,"(.5,.75]",111,3703,0.8125,1155.3125,83
A-bin/B-base,"(.25,.5]",112,3659,0.625,1207.5,112
B-bin/A-base,"(.5,.75]",112,3659,0.5,1331.9375,112
A-bin/B-base,"(.5,.75]",113,1977,0.75,975.25,86
B-bin/A-base,"(.5,.75]",113,1977,0.5625,1274.3125,86
A-bin/B-base,"(.75,1)",114,712,0.8125,1154.875,61
B-bin/A-base,"(.75,1)",114,712,0.8125,1039.3125,61
A-bin/B-base,"(.25,.5]",115,475,0.25,1790.6875,84
B-bin/A-base,"(0,.25]",115,475,0.5,1635.8125,84
A-bin/B-base,0,116,395,0.0,2006.1875,132
B-bin/A-base,0,116,395,0.0,1803.5625,132
A-bin/B-base,0,117,2801,0.0,2048.0,126
B-bin/A-base,0,117,2801,0.0,2048.0,126
A-bin/B-base,"(0,.25]",118,3502,0.0,1720.1875,79
B-bin/A-base,0,118,3502,0.0625,1437.1875,79
A-bin/B-base,"(.25,.5]",119,1625,0.25,1812.75,72
B-bin/A-base,"(0,.25]",119,1625,0.375,1805.5625,72
A-bin/B-base,"(.25,.5]",120,427,0.25,1649.1875,97
B-bin/A-base,"(0,.25]",120,427,0.375,1407.3125,97
A-bin/B-base,0,121,3324,0.0625,1994.5625,98
B-bin/A-base,"(0,.25]",121,3324,0.0,1941.5,98
A-bin/B-base,"(0,.25]",122,1758,0.125,1872.1875,108
B-bin/A-base,"(0,.25]",122,1758,0.0625,1887.6875,108
A-bin/B-base,"(0,.25]",123,1131,0.125,1805.5625,100
B-bin/A-base,"(0,.25]",123,1131,0.1875,1950.5,100
A-bin/B-base,"(.25,.5]",124,256,0.4375,1638.8125,96
B-bin/A-base,"(.25,.5]",124,256,0.3125,1603.875,96
A-bin/B-base,"(.5,.75]",125,404,0.8125,1134.4375,66
B-bin/A-base,"(.75,1)",125,404,0.5625,1457.5,66
A-bin/B-base,"(.75,1)",126,553,0.75,1332.125,62
B-bin/A-base,"(.5,.75]",126,553,0.8125,1196.625,62
A-bin/B-base,"(.5,.75]",127,2792,0.5,1561.0,107
B-bin/A-base,"(.25,.5]",127,2792,0.5625,1617.5625,107
A-bin/B-base,"(0,.25]",128,3467,0.1875,1837.0,108
B-bin/A-base,"(0,.25]",128,3467,0.125,1827.375,108
A-bin/B-base,0,129,2670,0.0625,1892.5625,76
B-bin/A-base,"(0,.25]",129,2670,0.0,2038.375,76
A-bin/B-base,"(.75,1)",130,2949,0.8125,1001.5625,100
B-bin/A-base,"(.75,1)",130,2949,0.9375,795.6875,100
A-bin/B-base,"(0,.25]",131,567,0.1875,1965.9375,134
B-bin/A-base,"(0,.25]",131,567,0.125,1903.125,134
A-bin/B-base,"(.5,.75]",132,2756,0.4375,1413.5,67
B-bin/A-base,"(.25,.5]",132,2756,0.75,1213.0,67
A-bin/B-base,"(.25,.5]",133,3420,0.375,1758.6875,86
B-bin/A-base,"(.25,.5]",133,3420,0.4375,1500.875,86
A-bin/B-base,"(0,.25]",134,1395,0.0,1623.375,96
B-bin/A-base,0,134,1395,0.0625,1590.4375,96
A-bin/B-base,"(.5,.75]",135,1720,0.75,1226.875,75
B-bin/A-base,"(.5,.75]",135,1720,0.6875,1189.625,75
A-bin/B-base,"(0,.25]",136,3349,0.125,1894.6875,95
B-bin/A-base,"(0,.25]",136,3349,0.25,1808.5,95
A-bin/B-base,"(.5,.75]",137,2702,0.3125,1774.0,95
B-bin/A-base,"(.25,.5]",137,2702,0.5625,1373.4375,95
A-bin/B-base,"(0,.25]",138,69,0.0625,2040.0,85
B-bin/A-base,"(0,.25]",138,69,0.1875,1819.25,85
A-bin/B-base,0,139,717,0.125,1923.9375,118
B-bin/A-base,"(0,.25]",139,717,0.0,2048.0,118
A-bin/B-base,"(.25,.5]",140,3548,0.25,1818.5,98
B-bin/A-base,"(0,.25]",140,3548,0.3125,1824.5625,98
A-bin/B-base,"(0,.25]",141,2344,0.3125,1295.6875,73
B-bin/A-base,"(.25,.5]",141,2344,0.1875,1803.5,73
A-bin/B-base,0,142,2983,0.0625,1951.25,96
B-bin/A-base,"(0,.25]",142,2983,0.0,1982.75,96
A-bin/B-base,"(.25,.5]",143,1988,0.4375,1596.25,89
B-bin/A-base,"(.25,.5]",143,1988,0.3125,1628.6875,89
A-bin/B-base,"(0,.25]",144,2233,0.1875,1844.875,130
B-bin/A-base,"(0,.25]",144,2233,0.25,1823.5,130
A-bin/B-base,"(.5,.75]",145,341,0.375,1507.3125,77
B-bin/A-base,"(.25,.5]",145,341,0.6875,1390.75,77
A-bin/B-base,"(0,.25]",146,2855,0.0625,1781.75,93
B-bin/A-base,"(0,.25]",146,2855,0.25,1853.3125,93
A-bin/B-base,"(.75,1)",147,3479,0.6875,1145.5,76
B-bin/A-base,"(.5,.75]",147,3479,0.8125,1146.3125,76
A-bin/B-base,"(.5,.75]",148,1844,0.1875,1751.75,70
B-bin/A-base,"(0,.25]",148,1844,0.5625,1222.4375,70
A-bin/B-base,"(.5,.75]",149,2777,0.5,1480.6875,67
B-bin/A-base,"(.25,.5]",149,2777,0.5625,1539.8125,67
A-bin/B-base,"(.5,.75]",150,1598,0.4375,1392.5625,75
B-bin/A-base,"(.25,.5]",150,1598,0.75,1070.625,75
A-bin/B-base,"(.25,.5]",151,806,0.5625,1342.3125,75
B-bin/A-base,"(.5,.75]",151,806,0.5,1214.375,75
A-bin/B-base,"(.5,.75]",152,297,0.5625,1406.5625,65
B-bin/A-base,"(.5,.75]",152,297,0.6875,1462.625,65
A-bin/B-base,"(.25,.5]",153,301,0.4375,1424.3125,92
B-bin/A-base,"(.25,.5]",153,301,0.3125,1429.8125,92
A-bin/B-base,"(.25,.5]",154,1899,0.4375,1612.3125,97
B-bin/A-base,"(.25,.5]",154,1899,0.3125,1864.9375,97
A-bin/B-base,"(.25,.5]",155,1281,0.125,1567.5625,88
B-bin/A-base,"(0,.25]",155,1281,0.375,1622.3125,88
A-bin/B-base,"(.5,.75]",156,2984,0.6875,1453.3125,99
B-bin/A-base,"(.5,.75]",156,2984,0.5625,1530.9375,99
A-bin/B-base,"(.25,.5]",157,2537,0.5,1607.5625,91
B-bin/A-base,"(.25,.5]",157,2537,0.3125,1775.5625,91
A-bin/B-base,"(.25,.5]",158,1296,0.0625,1989.875,76
B-bin/A-base,"(0,.25]",158,1296,0.4375,1519.5625,76
A-bin/B-base,"(0,.25]",159,13,0.0625,1804.5,74
B-bin/A-base,"(0,.25]",159,13,0.0625,1836.0625,74
A-bin/B-base,0,160,2266,0.0,1828.3125,99
B-bin/A-base,0,160,2266,0.0,1536.25,99
A-bin/B-base,"(.75,1)",161,2400,0.6875,1223.5,70
B-bin/A-base,"(.5,.75]",161,2400,0.875,938.5625,70
A-bin/B-base,"(0,.25]",162,3224,0.1875,1715.9375,95
B-bin/A-base,"(0,.25]",162,3224,0.0625,1676.6875,95
A-bin/B-base,"(.25,.5]",163,3446,0.625,1459.8125,113
B-bin/A-base,"(.5,.75]",163,3446,0.5,1436.875,113
A-bin/B-base,"(.5,.75]",164,760,0.5,1236.4375,83
B-bin/A-base,"(.25,.5]",164,760,0.5625,1059.75,83
A-bin/B-base,0,165,643,0.0,1823.125,107
B-bin/A-base,0,165,643,0.0,2048.0,107
A-bin/B-base,"(0,.25]",166,619,0.125,1957.125,123
B-bin/A-base,"(0,.25]",166,619,0.125,2016.0,123
A-bin/B-base,0,167,3511,0.0,1537.75,101
B-bin/A-base,0,167,3511,0.0,1496.9375,101
A-bin/B-base,"(.75,1)",168,172,0.875,1116.75,108
B-bin/A-base,"(.75,1)",168,172,0.8125,1108.625,108
A-bin/B-base,"(0,.25]",169,2014,0.0,1840.9375,73
B-bin/A-base,0,169,2014,0.125,1885.375,73
A-bin/B-base,"(.5,.75]",170,4,0.5625,1456.5,57
B-bin/A-base,"(.5,.75]",170,4,0.5625,1562.75,57
A-bin/B-base,0,171,3438,0.0625,1976.0625,77
B-bin/A-base,"(0,.25]",171,3438,0.0,2030.75,77
A-bin/B-base,"(.5,.75]",172,129,0.5625,1423.625,74
B-bin/A-base,"(.5,.75]",172,129,0.5625,1329.6875,74
A-bin/B-base,"(0,.25]",173,911,0.0,2048.0,93
B-bin/A-base,0,173,911,0.125,1948.1875,93
A-bin/B-base,"(.5,.75]",174,1321,0.5,1379.3125,78
B-bin/A-base,"(.25,.5]",174,1321,0.625,1264.125,78
A-bin/B-base,"(0,.25]",175,258,0.1875,2000.875,171
B-bin/A-base,"(0,.25]",175,258,0.0625,2029.6875,171
A-bin/B-base,1,176,1708,0.8125,1097.875,61
B-bin/A-base,"(.75,1)",176,1708,1.0,752.125,61
A-bin/B-base,"(.25,.5]",177,1555,0.3125,1706.5,98
B-bin/A-base,"(.25,.5]",177,1555,0.375,1477.375,98
A-bin/B-base,"(.25,.5]",178,3597,0.5,1719.25,125
B-bin/A-base,"(.25,.5]",178,3597,0.5,1457.5,125
A-bin/B-base,"(.25,.5]",179,1570,0.5625,1309.0,94
B-bin/A-base,"(.5,.75]",179,1570,0.3125,1586.5,94
A-bin/B-base,"(.75,1)",180,254,0.75,1104.5625,80
B-bin/A-base,"(.5,.75]",180,254,0.875,937.25,80
A-bin/B-base,"(0,.25]",181,935,0.0625,1973.9375,89
B-bin/A-base,"(0,.25]",181,935,0.125,1865.4375,89
A-bin/B-base,"(0,.25]",182,708,0.0625,1799.75,107
B-bin/A-base,"(0,.25]",182,708,0.25,1517.25,107
A-bin/B-base,"(0,.25]",183,3495,0.0625,1904.875,106
B-bin/A-base,"(0,.25]",183,3495,0.0625,1859.0,106
A-bin/B-base,0,184,496,0.125,1623.125,119
B-bin/A-base,"(0,.25]",184,496,0.0,1981.5625,119
A-bin/B-base,"(.75,1)",185,1472,0.875,1054.4375,75
B-bin/A-base,"(.75,1)",185,1472,0.8125,1029.125,75
A-bin/B-base,"(.5,.75]",186,1175,0.625,1354.0,77
B-bin/A-base,"(.5,.75]",186,1175,0.625,1354.9375,77
A-bin/B-base,"(0,.25]",187,3231,0.0,1958.3125,105
B-bin/A-base,0,187,3231,0.0625,1997.9375,105
A-bin/B-base,"(.75,1)",188,1286,0.9375,778.3125,70
B-bin/A-base,"(.75,1)",188,1286,0.875,905.625,70
A-bin/B-base,"(0,.25]",189,668,0.1875,1783.75,83
B-bin/A-base,"(0,.25]",189,668,0.25,1745.625,83
A-bin/B-base,"(0,.25]",190,250,0.0,1938.375,68
B-bin/A-base,0,190,250,0.125,1619.0625,68
A-bin/B-base,0,191,2307,0.0,1931.5,98
B-bin/A-base,0,191,2307,0.0,1903.4375,98
A-bin/B-base,"(0,.25]",192,1084,0.3125,1645.1875,100
B-bin/A-base,"(.25,.5]",192,1084,0.25,1871.625,100
A-bin/B-base,"(.25,.5]",193,876,0.1875,1734.3125,91
B-bin/A-base,"(0,.25]",193,876,0.5,1577.5625,91
A-bin/B-base,"(0,.25]",194,2585,0.25,1450.875,109
B-bin/A-base,"(0,.25]",194,2585,0.25,1501.875,109
A-bin/B-base,"(.5,.75]",195,2837,0.6875,1385.5625,81
B-bin/A-base,"(.5,.75]",195,2837,0.5625,1599.4375,81
A-bin/B-base,"(.25,.5]",196,858,0.625,1368.125,61
B-bin/A-base,"(.5,.75]",196,858,0.5,1406.625,61
A-bin/B-base,"(0,.25]",197,305,0.3125,1821.375,86
B-bin/A-base,"(.25,.5]",197,305,0.1875,1984.625,86
A-bin/B-base,"(0,.25]",198,1072,0.125,1956.0,93
B-bin/A-base,"(0,.25]",198,1072,0.1875,1862.6875,93
A-bin/B-base,"(0,.25]",199,2556,0.0,2048.0,109
B-bin/A-base,0,199,2556,0.1875,1824.9375,109
A-bin/B-base,"(.25,.5]",200,3609,0.6875,1400.375,109
B-bin/A-base,"(.5,.75]",200,3609,0.375,1619.0625,109
A-bin/B-base,"(0,.25]",201,1506,0.0625,1857.8125,96
B-bin/A-base,"(0,.25]",201,1506,0.0625,1793.6875,96
A-bin/B-base,"(.75,1)",202,609,0.875,1148.6875,67
B-bin/A-base,"(.75,1)",202,609,0.875,925.1875,67
A-bin/B-base,"(.75,1)",203,1054,0.8125,967.875,69
B-bin/A-base,"(.75,1)",203,1054,0.8125,993.4375,69
A-bin/B-base,"(0,.25]",204,2260,0.375,1654.0,76
B-bin/A-base,"(.25,.5]",204,2260,0.25,1780.1875,76
A-bin/B-base,"(0,.25]",205,437,0.25,1774.4375,103
B-bin/A-base,"(0,.25]",205,437,0.125,1740.5,103
A-bin/B-base,"(0,.25]",206,3683,0.4375,1816.375,97
B-bin/A-base,"(.25,.5]",206,3683,0.25,1840.125,97
A-bin/B-base,"(.25,.5]",207,2090,0.5625,1437.0,58
B-bin/A-base,"(.5,.75]",207,2090,0.5,1390.875,58
A-bin/B-base,"(.5,.75]",208,1607,0.75,1210.6875,87
B-bin/A-base,"(.5,.75]",208,1607,0.6875,1224.125,87
A-bin/B-base,"(.5,.75]",209,2724,0.5,1451.375,66
B-bin/A-base,"(.25,.5]",209,2724,0.5625,1519.9375,66
A-bin/B-base,"(.25,.5]",210,1448,0.25,1849.1875,68
B-bin/A-base,"(0,.25]",210,1448,0.3125,1819.5625,68
A-bin/B-base,"(0,.25]",211,1498,0.125,1667.9375,116
B-bin/A-base,"(0,.25]",211,1498,0.0625,1580.9375,116
A-bin/B-base,0,212,1457,0.0,2048.0,131
B-bin/A-base,0,212,1457,0.0,2016.1875,131
A-bin/B-base,"(.5,.75]",213,1604,0.625,1350.625,92
B-bin/A-base,"(.5,.75]",213,1604,0.5625,1609.6875,92
A-bin/B-base,"(0,.25]",214,1143,0.0,1747.25,62
B-bin/A-base,0,214,1143,0.0625,1876.0,62
A-bin/B-base,"(.25,.5]",215,1018,0.75,1359.8125,63
B-bin/A-base,"(.5,.75]",215,1018,0.5,1537.625,63
A-bin/B-base,"(.5,.75]",216,2440,0.5,1525.4375,129
B-bin/A-base,"(.25,.5]",216,2440,0.75,1315.875,129
A-bin/B-base,"(0,.25]",217,1509,0.0625,2034.75,73
B-bin/A-base,"(0,.25]",217,1509,0.1875,1936.4375,73
A-bin/B-base,"(0,.25]",218,2873,0.125,1485.8125,71
B-bin/A-base,"(0,.25]",218,2873,0.125,1703.5,71
A-bin/B-base,"(0,.25]",219,1347,0.0,2011.25,107
B-bin/A-base,0,219,1347,0.0625,1810.375,107
A-bin/B-base,"(0,.25]",220,1322,0.125,1988.4375,83
B-bin/A-base,"(0,.25]",220,1322,0.0625,2003.1875,83
A-bin/B-base,"(.75,1)",221,1757,0.875,870.75,69
B-bin/A-base,"(.75,1)",221,1757,0.875,993.8125,69
A-bin/B-base,"(0,.25]",222,1488,0.4375,1378.5,87
B-bin/A-base,"(.25,.5]",222,1488,0.25,1590.5,87
A-bin/B-base,"(0,.25]",223,91,0.0625,1962.75,94
B-bin/A-base,"(0,.25]",223,91,0.125,1682.375,94
A-bin/B-base,0,224,1009,0.0,2048.0,79
B-bin/A-base,0,224,1009,0.0,1893.4375,79
A-bin/B-base,"(0,.25]",225,2450,0.0,1948.625,130
B-bin/A-base,0,225,2450,0.0625,1857.6875,130
A-bin/B-base,"(0,.25]",226,3522,0.4375,1657.375,77
B-bin/A-base,"(.25,.5]",226,3522,0.1875,1777.4375,77
A-bin/B-base,"(.5,.75]",227,2849,0.75,1430.4375,113
B-bin/A-base,"(.5,.75]",227,2849,0.625,1375.0625,113
A-bin/B-base,"(0,.25]",228,3601,0.0,1344.6875,81
B-bin/A-base,0,228,3601,0.125,1573.4375,81
A-bin/B-base,"(0,.25]",229,1813,0.0625,1289.375,87
B-bin/A-base,"(0,.25]",229,1813,0.1875,1276.1875,87
A-bin/B-base,"(0,.25]",230,1389,0.0625,1925.1875,102
B-bin/A-base,"(0,.25]",230,1389,0.125,1755.5,102
A-bin/B-base,"(0,.25]",231,2900,0.125,1946.1875,124
B-bin/A-base,"(0,.25]",231,2900,0.0625,1970.875,124
A-bin/B-base,0,232,847,0.0,1599.3125,128
B-bin/A-base,0,232,847,0.0,1655.25,128
A-bin/B-base,"(.25,.5]",233,1627,0.375,1238.625,88
B-bin/A-base,"(.25,.5]",233,1627,0.5,1151.6875,88
A-bin/B-base,0,234,1370,0.0,1945.125,98
B-bin/A-base,0,234,1370,0.0,1985.5,98
A-bin/B-base,"(0,.25]",235,1588,0.125,1694.5625,112
B-bin/A-base,"(0,.25]",235,1588,0.0625,2043.5625,112
A-bin/B-base,"(.75,1)",236,1467,0.75,1109.8125,84
B-bin/A-base,"(.5,.75]",236,1467,0.9375,934.5,84
A-bin/B-base,"(0,.25]",237,606,0.0,1923.875,150
B-bin/A-base,0,237,606,0.0625,2047.4375,150
A-bin/B-base,"(.25,.5]",238,799,0.4375,1424.0,102
B-bin/A-base,"(.25,.5]",238,799,0.375,1491.5625,102
A-bin/B-base,"(0,.25]",239,438,0.125,1933.0,106
B-bin/A-base,"(0,.25]",239,438,0.25,1749.6875,106
A-bin/B-base,"(.25,.5]",240,3233,0.625,1340.5625,78
B-bin/A-base,"(.5,.75]",240,3233,0.5,1492.0625,78
A-bin/B-base,"(.5,.75]",241,101,0.3125,1792.1875,90
B-bin/A-base,"(.25,.5]",241,101,0.625,1465.5,90
A-bin/B-base,"(.5,.75]",242,3039,0.375,1757.375,97
B-bin/A-base,"(.25,.5]",242,3039,0.75,1358.625,97
A-bin/B-base,"(0,.25]",243,1654,0.0625,1970.375,110
B-bin/A-base,"(0,.25]",243,1654,0.0625,1519.875,110
A-bin/B-base,"(.75,1)",244,445,0.75,1341.0625,70
B-bin/A-base,"(.5,.75]",244,445,0.875,960.3125,70
A-bin/B-base,"(.25,.5]",245,90,0.375,1599.1875,78
B-bin/A-base,"(.25,.5]",245,90,0.375,1647.4375,78
A-bin/B-base,"(0,.25]",246,1277,0.0625,2038.0625,82
B-bin/A-base,"(0,.25]",246,1277,0.0625,2002.25,82
A-bin/B-base,0,247,1273,0.0,1724.9375,130
B-bin/A-base,0,247,1273,0.0,1839.625,130
A-bin/B-base,0,248,3313,0.0,2008.75,88
B-bin/A-base,0,248,3313,0.0,1942.375,88
A-bin/B-base,"(.5,.75]",249,2230,0.75,1165.9375,114
B-bin/A-base,"(.5,.75]",249,2230,0.625,1329.0625,114
A-bin/B-base,0,250,1701,0.125,1707.8125,82
B-bin/A-base,"(0,.25]",250,1701,0.0,1759.1875,82
A-bin/B-base,"(0,.25]",251,1384,0.125,1651.9375,91
B-bin/A-base,"(0,.25]",251,1384,0.1875,1826.5625,91
A-bin/B-base,"(.5,.75]",252,2760,0.8125,1088.6875,80
B-bin/A-base,"(.75,1)",252,2760,0.5625,1490.5,80
A-bin/B-base,0,253,2753,0.125,1964.6875,111
B-bin/A-base,"(0,.25]",253,2753,0.0,2048.0,111
A-bin/B-base,"(.25,.5]",254,3239,0.25,1636.75,115
B-bin/A-base,"(0,.25]",254,3239,0.3125,1820.4375,115
A-bin/B-base,"(.5,.75]",255,484,0.6875,1392.125,72
B-bin/A-base,"(.5,.75]",255,484,0.625,1249.0,72
